source_organisation,source_page_title_nl,original_url,scrape_date,content_hash,original_dutch_text,hyperlinks,patient_journey_stage,care_pathway_topic,stakeholder,action_or_next_step
Zorgwijzer.nl,Kanker: wat is het? (hulp & ondersteuning) - Zorgwijzer,https://www.zorgwijzer.nl/zorgverzekering/kanker,2026-05-31 14:40:43,28c831c96c2ea329b0a2570a92a354cceb06866481dc9abb09bad5b499818c47,"Kanker is een woord waar velen van zullen schrikken. Het is een verschrikkelijke ziekte die levens kan verwoesten. Gelukkig is er in de medische wetenschap veel vooruitgang waardoor steeds meer vormen van kanker genezen kunnen worden. Ook op het gebied van kankerpreventie wordt vooruitgang geboekt.
Desalniettemin krijgt ongeveer een derde van alle Nederlands ooit in zijn/haar leven te maken met kanker. Hiervan is ongeveer 90 procent 50 jaar of ouder. In 2016 werden er bijna 110.00 mensen gediagnosticeerd met een vorm van kanker.
Hoewel het risico op overlijden aan kanker daalt, sterven er jaarlijks nog altijd ruim 44.000 mensen aan de ziekte. De verwachting is dat het aantal diagnoses van kanker per 2020 is gestegen naar 123.000 nieuwe gevallen.
Doel van de zorgwijzer
Deze zorgwijzer probeert om op een begrijpelijke en bondige manier informatie te verschaffen over het onderwerp ‘kanker’.
In de zorgwijzer wordt daarom het onderstaande besproken:
Wat kanker is
Welke soorten van kanker er voorkomen
Welke oorzaken en risicofactoren kanker kent
In hoeverre de kans op kanker kan worden beperkt
Hoe kanker herkent en gediagnosticeerd kan worden
Welke behandelingen er mogelijk zijn
Waarom revalidatie tijdens en na de kankerbehandeling belangrijk is
Welke gevolgen kanker kan hebben
Wat de zorgverzekeraar kan betekenen bij kanker en welke zorgvergoedingen er geboden worden
Tot slot brengen we ook eenaantal handige verwijzingen en goede doelen in kaart die verwant zijn met het onderwerp ‘kanker’.
Wat is kanker?
Kanker kan worden omschreven als: een aandoening die wordt gekenmerkt door ongecontroleerde vermenigvuldiging van cellen waardoor kwaadaardige tumoren of gezwellen ontstaan die resulteren in verstoringen van de lichaamsfuncties.
De tumoren kunnen zich bovendien via omliggend weefsel, lymfevaten of via het bloed verplaatsen (uitzaaien) om vervolgens op andere plaatsen in het lichaam opnieuw kwaadaardige tumoren te vormen en weefsel en organen te beschadigen.
Kankersoorten
Omdat kanker zich op verschillende plekken in het lichaam kan manifesteren, zijn er meer dan 100 soorten kanker te benoemen. Hieronder de meest voorkomende vormen van kanker bij mannen en vrouwen:
Bij mannen:
Bij vrouwen:
1.       Prostaatkanker
1.       Borstkanker
2.       Darmkanker
2.       Huidkanker
3.       Huidkanker
3.       Darmkanker
Als alle soorten kanker voor mannen en vrouwen bij elkaar worden opgeteld, komt huidkanker het meest voor. Ieder jaar worden ongeveer 36.000 mensen gediagnosticeerd met een vorm van huidkanker. Gelukkig is deze kankersoort redelijk goed te behandelen.
Andere bekende vormen van kanker zijn:
Longkanker
Alvleesklierkanker
Baarmoederkanker
Slokdarmkanker
Schildklierkanker
Maagkanker
Eierstokkanker
Hersentumor
Teelbalkanker
Botkanker
Leukemie (bloedkanker)
Tussen elke vorm van kanker zijn er verschillen en overeenkomsten in de oorzaken, symptomen en behandelingen.
Oorzaken
Er bestaat niet zoiets als ‘de oorzaak’ van kanker. Men kan enkel spreken van bepaalde factoren die de kans op kanker kunnen vergroten.
Er kan wel gezegd worden dat kanker ontstaat door een mutatie (verandering) in het DNA dat de celdeling organiseert. Deze mutatie kan ervoor zorgen dat cellen zich op oncontroleerbare wijze vermenigvuldigen.
Risicoverhogende factoren
Er zijn meerdere risicofactoren die de kans op kanker kunnen vergroten:
Leeftijd: hoe ouder iemand is, hoe groter de kans op kanker
Verzwakt immuunsysteem, bijvoorbeeld vanwege bepaalde bacteriën en virussen
Erfelijkheid: hoewel kanker zelf niet erfelijk is, is de aanleg voor kanker wel erfelijk. Dat houdt in dat iemand met een erfelijke aanleg voor kanker dit ook kan doorgeven aan zijn/haar kinderen.
Ongezond (vet of suikerrijk) eten
Eten van rood en bewerkt vlees
Overgewicht
Onvoldoende beweging
Verbranden in de zon (uv-straling)
Verder kan de kans op een vorm van kanker worden vergroot door het in contact komen met of opname van kankerverwekkende stoffen, zoals alcohol, sigarettenrook (teer), dieselemissie en asbest. Maar ook bepaalde radioactieve deeltjes en radioactieve straling kunnen de kans op kanker (aanzienlijk) vergroten. In dit geval is vooral de mate van blootstelling (dosering) van belang.
Voorkomen
Kanker kent vrijwel altijd meerdere oorzaken. Daarom is er geen absolute garantie om kanker te voorkomen. Er zijn echter wel degelijk factoren die het risico op kanker kunnen verkleinen.
Preventie kan dus zeker een belangrijke rol spelen. Zaken die de kans op kanker kunnen beperken, hebben veelal betrekking op een gezonde levensstijl, namelijk:
Gezonde voeding: groente, fruit, peulvruchten en volkorenproducten
Voldoende fysieke activiteit
Niet roken
Matig met alcohol
Verstandig zonnen
Wie deze leefregels volgt, heeft statistisch gezien een minder groot risico om ooit kanker te krijgen.
Herkennen
Vroege ontdekking van kanker kan de kans op genezing sterk vergroten. Het wordt daarom sterk aangeraden om naar de huisarts te gaan als er klachten of symptomen zijn die op kanker kunnen wijzen.
De meest voorkomende symptomen/klachten:
Aanhoudende hoest of heesheid, eventueel in combinatie met bloed in slijm
Problemen met slikken, zoals pijn of moeite met doorslikken van voedsel of dranken
Chronische verandering van de stoelgang
Aanhoudende vermoeidheid en koorts zonder duidelijke oorzaak
Nieuwe of veranderende moedervlekken.
Bultjes, verdikkingen, zwellingen of schilferende plekjes op of onder de huid die zijn ontstaan zonder een duidelijke oorzaak
Wondjes die niet genezen op de huid of in de mond
Gewichtsverlies zonder duidelijke oorzaak
Plasproblemen: moeilijker of vaker plassen, pijn bij het plassen, bloed bij het plassen
Ongewoon bloedverlies bij een vrouw (buiten de menstruatie om)
Abnormale klachten
Dit is slechts een overzicht van de meest voorkomende klachten. Ook bij andere (aanhoudende) klachten is het raadzaam om naar de huisarts te gaan. Die kan indien nodig doorverwijzen naar een specialist in het ziekenhuis voor een vervolgonderzoek.
Diagnose
In het ziekenhuis of bij een kliniek zijn er verschillende (combinaties van) methoden om kanker vast te stellen, zoals:
Microscopisch onderzoek van een biopt (een stukje weefsel) uit een bepaald gebied van het lichaam
Bloedonderzoek
Echo, scan of röntgenfoto
De diagnose van kanker wordt gedaan door een oncoloog of dermatoloog (bij huidkanker).
Prognose
Zodra de diagnose voor kanker wordt gesteld, is het van belang om te achterhalen wat de prognose is. Met andere woorden: wat is de kans op genezing of wat is de levensverwachting?
Dit is vooral afhankelijk van het type kanker, of uitzaaiingen zijn van de tumor (en zo ja, in welke mate), de leeftijd van de patiënt en de conditie van de patiënt.
Aan de hand van onderzoek in het ziekenhuis kan een prognose worden gedaan door de oncoloog. Afhankelijk van de prognose wordt er een behandeling gekozen of eventueel aangepast door de specialist.
Behandeling
Er zijn een groot aantal verschillende methoden om kanker te behandelen. Dit hangt natuurlijk sterk af van de soort kanker, de prognose en de toestand van de patiënt.
Een behandeling kan gericht zijn op genezing, het afremmen van de ziekte (levensverlenging) of om de kwaliteit van het leven van de patiënt zoveel mogelijk te verbeteren (palliatieve zorg), bijvoorbeeld door middel van pijnbestrijding.
Vaak wordt gekozen voor een combinatie van verschillende behandelingen, zoals:
Chirurgie: operatief verwijderen (uitsnijden) van een tumor en tumorweefsel
Radiotherapie: vernietigen van kankercellen door middel van inwendige of uitwendige straling, zoals elektronenstraling, protonenstraling of röntgenstraling
Chemotherapie: behandeling met geneesmiddelen die cellen doden of celdeling afremmen
Hyperthermie: behandeling met warmte rondom de tumor waardoor kankercellen afsterven of minder bestand worden tegen andere behandelingen
Immunotherapie: activeren van het menselijke afweersysteem om kankercellen sneller of effectiever kapot te maken
Hormoonbehandeling: behandeling waarmee de groei van bepaalde hormonen wordt onderdrukt of bevorderd wat ervoor kan zorgen dat groei van sommige tumoren kan worden afgeremd
Bij de behandeling van kanker treden vaak bijwerkingen op, omdat de behandeling ook goede cellen kan aantasten. De ernst van de bijwerkingen hangt voornamelijk af van de soort en intensiteit van de behandeling.
Revalidatie
Als gevolg van kanker verslechtert in veel gevallen de conditie en gesteldheid van de patiënt. Revalidatie kan daarbij uitkomst bieden. Wetenschappelijk onderzoek heeft aangetoond dat revalidatie helpt bij het beter doorstaan van de kankerbehandeling, het verminderen van klachten en verhogen van het comfort van de patiënt.
Revalidatie tijdens en na de behandeling van kanker (oncologische revalidatie) vormt bovendien een belangrijk onderdeel bij het algehele herstel en het verbeteren van het dagelijks functioneren.
Voor oncologische revalidatie bestaan verschillende therapie- en begeleidingsvormen, zoals:
Conditie- en spierkracht training, onder begeleiding van een fysiotherapeut
Bepaalde sport- en spelvormen
Pijnbegeleiding
Gesprekken met een psycholoog of maatschappelijk werker
Adviezen van een diëtist
Gevolgen
De gevolgen van kanker kunnen sterk verschillen en is met name afhankelijk van de soort kanker, de leeftijd en de gezondheidsstatus van de patiënt. Het staat echter vast dat leven met kanker zeer ingrijpend kan zijn, zowel voor de patiënt zelf als zijn/haar familie en nabestaanden.
Niet alleen de ziekte zelf kent gevolgen, maar ook de behandeling (met alle bijwerkingen) is dikwijls intensief. Via het ziekenhuis of andere zorgverleners kan er extra ondersteuning geregeld worden.
Denk hierbij aan:
Een arts
Een gespecialiseerd verpleegkundige
Wijkverpleegkundige
Psycholoog
Fysiotherapeut
Diëtist
Ergotherapeut
Pedicure
Huidtherapeut
Logopedist
Sociaal- en maatschappelijk werker
Zorgverzekering
Als een dierbare lijdt aan kanker, kan de zorgverzekeraar op een aantal manieren helpen:
Wachtlijstbemiddeling, zodat de patiënt sneller aan de beurt bent voor een behandeling
Vergelijken van ziekenhuizen en zorgverleners die kankerzorg bieden
Adviseren over de mogelijkheden voor een
second opinion
(tweede mening) bij een topspecialist
Een vergoeding bieden vanuit de aanvullende zorgverzekering, bijvoorbeeld voor erfelijkheidsonderzoek,
fysiotherapie
, hospice, inloophuizen voor ex-kankerpatiënten, oncologische nazorg,
pruiken
en ziekenvervoer.
Verder wordt essentiële zorg en behandelingen rondom kanker gedekt vanuit de basisverzekering. Hiertoe behoren bijvoorbeeld de behandelmethoden die onder het kopje ‘behandeling’ worden genoemd.
Handige verwijzingen
Kanker infolijn
– voor alle vragen over de diagnose, erfelijkheid, behandelingen en zorg.
Verwijsgids - kanker
– helpt bij het vinden van ondersteunende begeleiding/behandeling bij kanker op ieder moment na de diagnose
Patiëntenverhalen
– overzicht van verhalen en ervaringen van patiënten die te maken hebben (of hebben gehad) met kanker.
Hulpgids palliatieve zorg
Goede doelen
Er zijn een groot aantal organisaties die zich hard maken voor bestrijding van kanker. Hieronder een overzicht van een aantal bekende goede doelen:
KWF Kankerbestrijding
KIKA (kinderen kankervrij)
Pink Ribbon (borstkanker)
Leukemiestichting
Support casper (alvleesklierkanker)
Cancer.org (internationaal)
Disclaimer & bronnen
De informatie in dit artikel wordt beschikbaar gesteld met als enig doel behulpzame informatie te verstrekken aan bezoekers. Deze informatie heeft geen therapeutische of diagnostische waarde noch is deze informatie bedoeld als vervanging van diensten, informatie of gegevens van artsen, specialisten of andere gediplomeerden en professionals. Medisch advies, medische vragen, klachten of symptomen behoren besproken te worden met een gediplomeerd arts of professional.
Samenstellers van de zorgwijzers noch Zorgwijzer.nl stelt zich op geen enkele manier aansprakelijk voor de volledigheid, juistheid of effectiviteit van informatie op zorgwijzer.nl. Het gebruik van de informatie is op volledige verantwoordelijkheid en risico van de gebruiker.
Deze zorgwijzer is samengesteld met het gebruik van diverse bronnen:
Kanker.nl
Kanker.be
Gezondheidsplein.nl
Thuisarts.nl","[{""anchor"": ""second opinion"", ""url"": ""https://www.zorgwijzer.nl/faq/patientenrechten#second-opinion""}, {""anchor"": ""fysiotherapie"", ""url"": ""https://www.zorgwijzer.nl/vergoeding/fysiotherapie""}, {""anchor"": ""pruiken"", ""url"": ""https://www.zorgwijzer.nl/vergoeding/pruiken""}, {""anchor"": ""Kanker infolijn"", ""url"": ""https://www.kanker.nl/info/kankernl-infolijn""}, {""anchor"": ""Verwijsgids - kanker"", ""url"": ""http://www.verwijsgidskanker.nl/""}, {""anchor"": ""Patiëntenverhalen"", ""url"": ""https://www.kanker.nl/verder-met-je-leven-na-kanker/ervaringsverhalen""}, {""anchor"": ""Hulpgids palliatieve zorg"", ""url"": ""https://www.zorgwijzer.nl/faq/palliatieve-zorg""}]",,,,
Zorgwijzer.nl,Vergoedingen zorgverzekering - Zorgwijzer,https://www.zorgwijzer.nl/vergoeding,2026-05-31 14:40:44,8c569761cd787323dceb42afe3d03f3855961ac1ff5fb6cd8f200631905f0e4c,"Vergoedingen
Hieronder vind je een overzicht van alle mogelijke vergoedingen
vanuit een aanvullende zorgverzekering.
Fysiotherapie
(alle leeftijden)
Alternatieve
geneeswijzen
Psychologische
zorg
Kraamzorg
(eigen bijdrage)
Orthodontie
(tot 18 jaar)
Orthodontie
(vanaf 18 jaar)
Acnetherapie
ADHD medicijnen (eigen bijdrage)
Alternatieve geneeswijzen
Anticonceptie
Besnijdenis (mannen)
Brillen en lenzen
Camouflagetherapie
Condooms
Dieetadvies
EHBO cursus
Ergotherapie
Fysiotherapie
Fysiotherapie na ongeval
Gehoorapparaat (eigen bijdrage)
Gezondheidscheck
Griepprik
Halotherapie
Hospice (eigen bijdrage)
Kinderopvang (bij ziekenhuisopname)
Kraamzorg
Lactatiekundige hulp
Lidmaatschap patiëntenverenigingen
Mantelzorg
Manuele therapie
Medicijnen (eigen bijdrage)
Mindfulness
Ontharen
Ooglaseren
Ooglidcorrectie
Orthodontie tot 18 jaar
Orthodontie vanaf 18 jaar
Overgangsconsulente
Pedicure
Podotherapie (en steunzolen)
Preventieve zorg (cursussen)
Pruiken (haarprothese)
Reisvaccinaties
Repatriëring bij ziekte of ongeval
Spoedeisende zorg buitenland
Sportmedisch advies en/of onderzoek
Sterilisatie
Stottertherapie
Tandarts
Tandarts buitenland (spoedeisend)
Tandartskosten bij ongeval
Tandartskosten tot 18 jaar
Voedingsadvies
Ziekenhuisbevalling
Zwangerschapscursus","[{""anchor"": ""Fysiotherapie(alle leeftijden)"", ""url"": ""https://www.zorgwijzer.nl/vergoeding/fysiotherapie""}, {""anchor"": ""Alternatievegeneeswijzen"", ""url"": ""https://www.zorgwijzer.nl/vergoeding/alternatieve-geneeswijzen""}, {""anchor"": ""Psychologischezorg"", ""url"": ""https://www.zorgwijzer.nl/vergoeding/psychologie""}, {""anchor"": ""Kraamzorg(eigen bijdrage)"", ""url"": ""https://www.zorgwijzer.nl/vergoeding/kraamzorg""}, {""anchor"": ""Orthodontie(tot 18 jaar)"", ""url"": ""https://www.zorgwijzer.nl/vergoeding/orthodontie-tot-18-jaar""}, {""anchor"": ""Orthodontie(vanaf 18 jaar)"", ""url"": ""https://www.zorgwijzer.nl/vergoeding/orthodontie-vanaf-18-jaar""}, {""anchor"": ""Acnetherapie"", ""url"": ""https://www.zorgwijzer.nl/vergoeding/acnetherapie""}, {""anchor"": ""ADHD medicijnen (eigen bijdrage)"", ""url"": ""https://www.zorgwijzer.nl/vergoeding/adhd-medicijnen""}, {""anchor"": ""Anticonceptie"", ""url"": ""https://www.zorgwijzer.nl/vergoeding/anticonceptie""}, {""anchor"": ""Besnijdenis (mannen)"", ""url"": ""https://www.zorgwijzer.nl/vergoeding/besnijdenis""}, {""anchor"": ""Brillen en lenzen"", ""url"": ""https://www.zorgwijzer.nl/vergoeding/brillen-en-lenzen""}, {""anchor"": ""Camouflagetherapie"", ""url"": ""https://www.zorgwijzer.nl/vergoeding/camouflagetherapie""}, {""anchor"": ""Condooms"", ""url"": ""https://www.zorgwijzer.nl/vergoeding/condooms""}, {""anchor"": ""Dieetadvies"", ""url"": ""https://www.zorgwijzer.nl/vergoeding/dieetadvies""}, {""anchor"": ""EHBO cursus"", ""url"": ""https://www.zorgwijzer.nl/vergoeding/ehbo-cursus""}, {""anchor"": ""Ergotherapie"", ""url"": ""https://www.zorgwijzer.nl/vergoeding/ergotherapie""}, {""anchor"": ""Fysiotherapie na ongeval"", ""url"": ""https://www.zorgwijzer.nl/vergoeding/fysiotherapie-na-ongeval""}, {""anchor"": ""Gehoorapparaat (eigen bijdrage)"", ""url"": ""https://www.zorgwijzer.nl/vergoeding/gehoorapparaat""}, {""anchor"": ""Gezondheidscheck"", ""url"": ""https://www.zorgwijzer.nl/vergoeding/gezondheidscheck""}, {""anchor"": ""Griepprik"", ""url"": ""https://www.zorgwijzer.nl/vergoeding/griepprik""}, {""anchor"": ""Halotherapie"", ""url"": ""https://www.zorgwijzer.nl/vergoeding/halotherapie""}, {""anchor"": ""Hospice (eigen bijdrage)"", ""url"": ""https://www.zorgwijzer.nl/vergoeding/hospice""}, {""anchor"": ""Kinderopvang (bij ziekenhuisopname)"", ""url"": ""https://www.zorgwijzer.nl/vergoeding/kinderopvang""}, {""anchor"": ""Lactatiekundige hulp"", ""url"": ""https://www.zorgwijzer.nl/vergoeding/lactatiekundige""}, {""anchor"": ""Lidmaatschap patiëntenverenigingen"", ""url"": ""https://www.zorgwijzer.nl/vergoeding/patientenverenigingen""}, {""anchor"": ""Mantelzorg"", ""url"": ""https://www.zorgwijzer.nl/vergoeding/mantelzorg""}, {""anchor"": ""Manuele therapie"", ""url"": ""https://www.zorgwijzer.nl/vergoeding/manuele-therapie""}, {""anchor"": ""Medicijnen (eigen bijdrage)"", ""url"": ""https://www.zorgwijzer.nl/vergoeding/medicijnen""}, {""anchor"": ""Mindfulness"", ""url"": ""https://www.zorgwijzer.nl/vergoeding/mindfulness""}, {""anchor"": ""Ontharen"", ""url"": ""https://www.zorgwijzer.nl/vergoeding/laserontharing""}, {""anchor"": ""Ooglaseren"", ""url"": ""https://www.zorgwijzer.nl/vergoeding/ooglaseren""}, {""anchor"": ""Ooglidcorrectie"", ""url"": ""https://www.zorgwijzer.nl/vergoeding/ooglidcorrectie""}, {""anchor"": ""Overgangsconsulente"", ""url"": ""https://www.zorgwijzer.nl/vergoeding/overgangsconsulente""}, {""anchor"": ""Pedicure"", ""url"": ""https://www.zorgwijzer.nl/vergoeding/pedicure""}, {""anchor"": ""Podotherapie (en steunzolen)"", ""url"": ""https://www.zorgwijzer.nl/vergoeding/podotherapie""}, {""anchor"": ""Preventieve zorg (cursussen)"", ""url"": ""https://www.zorgwijzer.nl/vergoeding/preventieve-zorg""}, {""anchor"": ""Pruiken (haarprothese)"", ""url"": ""https://www.zorgwijzer.nl/vergoeding/pruiken""}, {""anchor"": ""Reisvaccinaties"", ""url"": ""https://www.zorgwijzer.nl/vergoeding/vaccinaties""}, {""anchor"": ""Repatriëring bij ziekte of ongeval"", ""url"": ""https://www.zorgwijzer.nl/vergoeding/repatriering""}, {""anchor"": ""Spoedeisende zorg buitenland"", ""url"": ""https://www.zorgwijzer.nl/vergoeding/buitenland-zorg""}, {""anchor"": ""Sportmedisch advies en/of onderzoek"", ""url"": ""https://www.zorgwijzer.nl/vergoeding/sportmedisch-onderzoek""}, {""anchor"": ""Sterilisatie"", ""url"": ""https://www.zorgwijzer.nl/vergoeding/sterilisatie""}, {""anchor"": ""Stottertherapie"", ""url"": ""https://www.zorgwijzer.nl/vergoeding/stottertherapie""}, {""anchor"": ""Tandarts"", ""url"": ""https://www.zorgwijzer.nl/vergoeding/tandarts""}, {""anchor"": ""Tandarts buitenland (spoedeisend)"", ""url"": ""https://www.zorgwijzer.nl/vergoeding/tandarts-buitenland""}, {""anchor"": ""Tandartskosten bij ongeval"", ""url"": ""https://www.zorgwijzer.nl/vergoeding/tandartskosten-ongeval""}, {""anchor"": ""Tandartskosten tot 18 jaar"", ""url"": ""https://www.zorgwijzer.nl/vergoeding/tandartskosten-18-jaar""}, {""anchor"": ""Voedingsadvies"", ""url"": ""https://www.zorgwijzer.nl/vergoeding/voedingsadvies""}, {""anchor"": ""Ziekenhuisbevalling"", ""url"": ""https://www.zorgwijzer.nl/vergoeding/ziekenhuisbevalling""}, {""anchor"": ""Zwangerschapscursus"", ""url"": ""https://www.zorgwijzer.nl/vergoeding/zwangerschapscursus""}]",,,,
Zorgwijzer.nl,Kanker: wat is het? (hulp & ondersteuning) - Zorgwijzer,https://www.zorgwijzer.nl/ziektekosten/kanker,2026-05-31 14:40:49,28c831c96c2ea329b0a2570a92a354cceb06866481dc9abb09bad5b499818c47,"Kanker is een woord waar velen van zullen schrikken. Het is een verschrikkelijke ziekte die levens kan verwoesten. Gelukkig is er in de medische wetenschap veel vooruitgang waardoor steeds meer vormen van kanker genezen kunnen worden. Ook op het gebied van kankerpreventie wordt vooruitgang geboekt.
Desalniettemin krijgt ongeveer een derde van alle Nederlands ooit in zijn/haar leven te maken met kanker. Hiervan is ongeveer 90 procent 50 jaar of ouder. In 2016 werden er bijna 110.00 mensen gediagnosticeerd met een vorm van kanker.
Hoewel het risico op overlijden aan kanker daalt, sterven er jaarlijks nog altijd ruim 44.000 mensen aan de ziekte. De verwachting is dat het aantal diagnoses van kanker per 2020 is gestegen naar 123.000 nieuwe gevallen.
Doel van de zorgwijzer
Deze zorgwijzer probeert om op een begrijpelijke en bondige manier informatie te verschaffen over het onderwerp ‘kanker’.
In de zorgwijzer wordt daarom het onderstaande besproken:
Wat kanker is
Welke soorten van kanker er voorkomen
Welke oorzaken en risicofactoren kanker kent
In hoeverre de kans op kanker kan worden beperkt
Hoe kanker herkent en gediagnosticeerd kan worden
Welke behandelingen er mogelijk zijn
Waarom revalidatie tijdens en na de kankerbehandeling belangrijk is
Welke gevolgen kanker kan hebben
Wat de zorgverzekeraar kan betekenen bij kanker en welke zorgvergoedingen er geboden worden
Tot slot brengen we ook eenaantal handige verwijzingen en goede doelen in kaart die verwant zijn met het onderwerp ‘kanker’.
Wat is kanker?
Kanker kan worden omschreven als: een aandoening die wordt gekenmerkt door ongecontroleerde vermenigvuldiging van cellen waardoor kwaadaardige tumoren of gezwellen ontstaan die resulteren in verstoringen van de lichaamsfuncties.
De tumoren kunnen zich bovendien via omliggend weefsel, lymfevaten of via het bloed verplaatsen (uitzaaien) om vervolgens op andere plaatsen in het lichaam opnieuw kwaadaardige tumoren te vormen en weefsel en organen te beschadigen.
Kankersoorten
Omdat kanker zich op verschillende plekken in het lichaam kan manifesteren, zijn er meer dan 100 soorten kanker te benoemen. Hieronder de meest voorkomende vormen van kanker bij mannen en vrouwen:
Bij mannen:
Bij vrouwen:
1.       Prostaatkanker
1.       Borstkanker
2.       Darmkanker
2.       Huidkanker
3.       Huidkanker
3.       Darmkanker
Als alle soorten kanker voor mannen en vrouwen bij elkaar worden opgeteld, komt huidkanker het meest voor. Ieder jaar worden ongeveer 36.000 mensen gediagnosticeerd met een vorm van huidkanker. Gelukkig is deze kankersoort redelijk goed te behandelen.
Andere bekende vormen van kanker zijn:
Longkanker
Alvleesklierkanker
Baarmoederkanker
Slokdarmkanker
Schildklierkanker
Maagkanker
Eierstokkanker
Hersentumor
Teelbalkanker
Botkanker
Leukemie (bloedkanker)
Tussen elke vorm van kanker zijn er verschillen en overeenkomsten in de oorzaken, symptomen en behandelingen.
Oorzaken
Er bestaat niet zoiets als ‘de oorzaak’ van kanker. Men kan enkel spreken van bepaalde factoren die de kans op kanker kunnen vergroten.
Er kan wel gezegd worden dat kanker ontstaat door een mutatie (verandering) in het DNA dat de celdeling organiseert. Deze mutatie kan ervoor zorgen dat cellen zich op oncontroleerbare wijze vermenigvuldigen.
Risicoverhogende factoren
Er zijn meerdere risicofactoren die de kans op kanker kunnen vergroten:
Leeftijd: hoe ouder iemand is, hoe groter de kans op kanker
Verzwakt immuunsysteem, bijvoorbeeld vanwege bepaalde bacteriën en virussen
Erfelijkheid: hoewel kanker zelf niet erfelijk is, is de aanleg voor kanker wel erfelijk. Dat houdt in dat iemand met een erfelijke aanleg voor kanker dit ook kan doorgeven aan zijn/haar kinderen.
Ongezond (vet of suikerrijk) eten
Eten van rood en bewerkt vlees
Overgewicht
Onvoldoende beweging
Verbranden in de zon (uv-straling)
Verder kan de kans op een vorm van kanker worden vergroot door het in contact komen met of opname van kankerverwekkende stoffen, zoals alcohol, sigarettenrook (teer), dieselemissie en asbest. Maar ook bepaalde radioactieve deeltjes en radioactieve straling kunnen de kans op kanker (aanzienlijk) vergroten. In dit geval is vooral de mate van blootstelling (dosering) van belang.
Voorkomen
Kanker kent vrijwel altijd meerdere oorzaken. Daarom is er geen absolute garantie om kanker te voorkomen. Er zijn echter wel degelijk factoren die het risico op kanker kunnen verkleinen.
Preventie kan dus zeker een belangrijke rol spelen. Zaken die de kans op kanker kunnen beperken, hebben veelal betrekking op een gezonde levensstijl, namelijk:
Gezonde voeding: groente, fruit, peulvruchten en volkorenproducten
Voldoende fysieke activiteit
Niet roken
Matig met alcohol
Verstandig zonnen
Wie deze leefregels volgt, heeft statistisch gezien een minder groot risico om ooit kanker te krijgen.
Herkennen
Vroege ontdekking van kanker kan de kans op genezing sterk vergroten. Het wordt daarom sterk aangeraden om naar de huisarts te gaan als er klachten of symptomen zijn die op kanker kunnen wijzen.
De meest voorkomende symptomen/klachten:
Aanhoudende hoest of heesheid, eventueel in combinatie met bloed in slijm
Problemen met slikken, zoals pijn of moeite met doorslikken van voedsel of dranken
Chronische verandering van de stoelgang
Aanhoudende vermoeidheid en koorts zonder duidelijke oorzaak
Nieuwe of veranderende moedervlekken.
Bultjes, verdikkingen, zwellingen of schilferende plekjes op of onder de huid die zijn ontstaan zonder een duidelijke oorzaak
Wondjes die niet genezen op de huid of in de mond
Gewichtsverlies zonder duidelijke oorzaak
Plasproblemen: moeilijker of vaker plassen, pijn bij het plassen, bloed bij het plassen
Ongewoon bloedverlies bij een vrouw (buiten de menstruatie om)
Abnormale klachten
Dit is slechts een overzicht van de meest voorkomende klachten. Ook bij andere (aanhoudende) klachten is het raadzaam om naar de huisarts te gaan. Die kan indien nodig doorverwijzen naar een specialist in het ziekenhuis voor een vervolgonderzoek.
Diagnose
In het ziekenhuis of bij een kliniek zijn er verschillende (combinaties van) methoden om kanker vast te stellen, zoals:
Microscopisch onderzoek van een biopt (een stukje weefsel) uit een bepaald gebied van het lichaam
Bloedonderzoek
Echo, scan of röntgenfoto
De diagnose van kanker wordt gedaan door een oncoloog of dermatoloog (bij huidkanker).
Prognose
Zodra de diagnose voor kanker wordt gesteld, is het van belang om te achterhalen wat de prognose is. Met andere woorden: wat is de kans op genezing of wat is de levensverwachting?
Dit is vooral afhankelijk van het type kanker, of uitzaaiingen zijn van de tumor (en zo ja, in welke mate), de leeftijd van de patiënt en de conditie van de patiënt.
Aan de hand van onderzoek in het ziekenhuis kan een prognose worden gedaan door de oncoloog. Afhankelijk van de prognose wordt er een behandeling gekozen of eventueel aangepast door de specialist.
Behandeling
Er zijn een groot aantal verschillende methoden om kanker te behandelen. Dit hangt natuurlijk sterk af van de soort kanker, de prognose en de toestand van de patiënt.
Een behandeling kan gericht zijn op genezing, het afremmen van de ziekte (levensverlenging) of om de kwaliteit van het leven van de patiënt zoveel mogelijk te verbeteren (palliatieve zorg), bijvoorbeeld door middel van pijnbestrijding.
Vaak wordt gekozen voor een combinatie van verschillende behandelingen, zoals:
Chirurgie: operatief verwijderen (uitsnijden) van een tumor en tumorweefsel
Radiotherapie: vernietigen van kankercellen door middel van inwendige of uitwendige straling, zoals elektronenstraling, protonenstraling of röntgenstraling
Chemotherapie: behandeling met geneesmiddelen die cellen doden of celdeling afremmen
Hyperthermie: behandeling met warmte rondom de tumor waardoor kankercellen afsterven of minder bestand worden tegen andere behandelingen
Immunotherapie: activeren van het menselijke afweersysteem om kankercellen sneller of effectiever kapot te maken
Hormoonbehandeling: behandeling waarmee de groei van bepaalde hormonen wordt onderdrukt of bevorderd wat ervoor kan zorgen dat groei van sommige tumoren kan worden afgeremd
Bij de behandeling van kanker treden vaak bijwerkingen op, omdat de behandeling ook goede cellen kan aantasten. De ernst van de bijwerkingen hangt voornamelijk af van de soort en intensiteit van de behandeling.
Revalidatie
Als gevolg van kanker verslechtert in veel gevallen de conditie en gesteldheid van de patiënt. Revalidatie kan daarbij uitkomst bieden. Wetenschappelijk onderzoek heeft aangetoond dat revalidatie helpt bij het beter doorstaan van de kankerbehandeling, het verminderen van klachten en verhogen van het comfort van de patiënt.
Revalidatie tijdens en na de behandeling van kanker (oncologische revalidatie) vormt bovendien een belangrijk onderdeel bij het algehele herstel en het verbeteren van het dagelijks functioneren.
Voor oncologische revalidatie bestaan verschillende therapie- en begeleidingsvormen, zoals:
Conditie- en spierkracht training, onder begeleiding van een fysiotherapeut
Bepaalde sport- en spelvormen
Pijnbegeleiding
Gesprekken met een psycholoog of maatschappelijk werker
Adviezen van een diëtist
Gevolgen
De gevolgen van kanker kunnen sterk verschillen en is met name afhankelijk van de soort kanker, de leeftijd en de gezondheidsstatus van de patiënt. Het staat echter vast dat leven met kanker zeer ingrijpend kan zijn, zowel voor de patiënt zelf als zijn/haar familie en nabestaanden.
Niet alleen de ziekte zelf kent gevolgen, maar ook de behandeling (met alle bijwerkingen) is dikwijls intensief. Via het ziekenhuis of andere zorgverleners kan er extra ondersteuning geregeld worden.
Denk hierbij aan:
Een arts
Een gespecialiseerd verpleegkundige
Wijkverpleegkundige
Psycholoog
Fysiotherapeut
Diëtist
Ergotherapeut
Pedicure
Huidtherapeut
Logopedist
Sociaal- en maatschappelijk werker
Zorgverzekering
Als een dierbare lijdt aan kanker, kan de zorgverzekeraar op een aantal manieren helpen:
Wachtlijstbemiddeling, zodat de patiënt sneller aan de beurt bent voor een behandeling
Vergelijken van ziekenhuizen en zorgverleners die kankerzorg bieden
Adviseren over de mogelijkheden voor een
second opinion
(tweede mening) bij een topspecialist
Een vergoeding bieden vanuit de aanvullende zorgverzekering, bijvoorbeeld voor erfelijkheidsonderzoek,
fysiotherapie
, hospice, inloophuizen voor ex-kankerpatiënten, oncologische nazorg,
pruiken
en ziekenvervoer.
Verder wordt essentiële zorg en behandelingen rondom kanker gedekt vanuit de basisverzekering. Hiertoe behoren bijvoorbeeld de behandelmethoden die onder het kopje ‘behandeling’ worden genoemd.
Handige verwijzingen
Kanker infolijn
– voor alle vragen over de diagnose, erfelijkheid, behandelingen en zorg.
Verwijsgids - kanker
– helpt bij het vinden van ondersteunende begeleiding/behandeling bij kanker op ieder moment na de diagnose
Patiëntenverhalen
– overzicht van verhalen en ervaringen van patiënten die te maken hebben (of hebben gehad) met kanker.
Hulpgids palliatieve zorg
Goede doelen
Er zijn een groot aantal organisaties die zich hard maken voor bestrijding van kanker. Hieronder een overzicht van een aantal bekende goede doelen:
KWF Kankerbestrijding
KIKA (kinderen kankervrij)
Pink Ribbon (borstkanker)
Leukemiestichting
Support casper (alvleesklierkanker)
Cancer.org (internationaal)
Disclaimer & bronnen
De informatie in dit artikel wordt beschikbaar gesteld met als enig doel behulpzame informatie te verstrekken aan bezoekers. Deze informatie heeft geen therapeutische of diagnostische waarde noch is deze informatie bedoeld als vervanging van diensten, informatie of gegevens van artsen, specialisten of andere gediplomeerden en professionals. Medisch advies, medische vragen, klachten of symptomen behoren besproken te worden met een gediplomeerd arts of professional.
Samenstellers van de zorgwijzers noch Zorgwijzer.nl stelt zich op geen enkele manier aansprakelijk voor de volledigheid, juistheid of effectiviteit van informatie op zorgwijzer.nl. Het gebruik van de informatie is op volledige verantwoordelijkheid en risico van de gebruiker.
Deze zorgwijzer is samengesteld met het gebruik van diverse bronnen:
Kanker.nl
Kanker.be
Gezondheidsplein.nl
Thuisarts.nl","[{""anchor"": ""second opinion"", ""url"": ""https://www.zorgwijzer.nl/faq/patientenrechten#second-opinion""}, {""anchor"": ""fysiotherapie"", ""url"": ""https://www.zorgwijzer.nl/vergoeding/fysiotherapie""}, {""anchor"": ""pruiken"", ""url"": ""https://www.zorgwijzer.nl/vergoeding/pruiken""}, {""anchor"": ""Kanker infolijn"", ""url"": ""https://www.kanker.nl/info/kankernl-infolijn""}, {""anchor"": ""Verwijsgids - kanker"", ""url"": ""http://www.verwijsgidskanker.nl/""}, {""anchor"": ""Patiëntenverhalen"", ""url"": ""https://www.kanker.nl/verder-met-je-leven-na-kanker/ervaringsverhalen""}, {""anchor"": ""Hulpgids palliatieve zorg"", ""url"": ""https://www.zorgwijzer.nl/faq/palliatieve-zorg""}]",,,,
Zorgwijzer.nl,Palliatieve zorg: wat is het? - Zorgwijzer,https://www.zorgwijzer.nl/faq/palliatieve-zorg,2026-05-31 14:40:54,5c714aa328929a7ef8f1ff63cb5ffd04bd137390d0cf2d01317d6367bed17683,"Palliatieve of palliatieve terminale zorg (PTZ) is bedoeld om de kwaliteit van het leven van de patiënt met een levensbedreigende ziekte in de laatste levensfase zo goed mogelijk te houden. Dat gebeurt door middel van verzachting of verlichting (ofwel palliatie) van het lijden.
Denk hierbij aan het voorkomen en behandelen van lichamelijke pijn, maar ook het verhelpen van problemen die kunnen ontstaan op het sociale, psychologische of spirituele vlak.
Bij palliatieve zorg is er ook veel aandacht voor de naasten van de patiënt. PTZ kan worden georganiseerd vanuit de Wet langdurige zorg (Wlz), de Zorgverzekeringswet (Zvw) of op basis van de subsidieregeling eerstelijns verblijf (tevens vanuit de Wlz).
Welke zorgvormen kent PTZ?
Bij palliatieve zorg kan men denken aan de volgende zorgvormen:
Het behandelen of verlichten van pijn en andere fysieke of psychische klachten
Persoonlijke verzorging en/of verpleging met het accent op het bevorderen van het comfort
Hulp bieden bij psychosociale problemen
Aandacht voor spiritualiteit en zingeving
Verstrekken van hulpmiddelen die kunnen helpen in het kader van de verlichting of het verbeteren van de levenskwaliteit in de laatste fase
Palliatieve sedatie toepassen (in de laatste twee weken)
Ondersteuning van patiënt en familie bij de afrondende fase van het leven, het nemen van afscheid en het rouwproces
Kenmerkend bij palliatieve zorg is dat ‘echte’ medische zorg (ter genezing van de ziekte) wordt stopgezet. Het accent ligt op de kwaliteit van het leven en het comfort van de patiënt en zijn/haar naasten.
Is er sprake van euthanasie bij palliatieve zorg?
Er is bij palliatieve zorg lang niet altijd sprake van euthanasie. Sterker nog, er is in Nederland geen consensus over de vraag of euthanasie überhaupt een onderdeel is/kan zijn van palliatieve zorg. Een deel van de zorgverleners, medici en deskundigen zijn in de overtuiging dat euthanasie een alternatief is voor palliatieve zorg.
Een ander, minstens even groot deel van de deskundigen en zorgverleners zijn in de overtuiging dat euthanasie in sommige (nood)situaties juist een onderdeel en waardig sluitstuk kan zijn van palliatieve zorg.
Welke zorgverleners zijn betrokken bij PTZ?
Bij palliatief terminale zorg zijn vaak, maar niet per definitie, een groot aantal verschillende zorgverleners betrokken, zoals:
Huisarts en andere artsen
Diëtisten
Fysiotherapeuten
Verpleegkundigen van een thuiszorgorganisatie
Psychologen
Vrijwilligers (mantelzorgers)
Geestelijk verzorgers
Maatschappelijk werkers
Wie komt in aanmerking voor PTZ?
PTZ is aan de orde als de patiënt ongeneselijk (terminaal) ziek is en op redelijk korte termijn zal overlijden. Het punt waarop een ziekte ongeneselijk blijkt, is bij bepaalde ziekten, bijvoorbeeld kanker, relatief helder. Bij andere ziekten is het echter niet altijd duidelijk wanneer de patiënt niet meer reageert op de (reguliere, curatieve) behandeling.
Bij sommige ziekten kan de start van de palliatieve fase zelfs samenvallen met de diagnose, omdat er dan geen andere behandeling meer mogelijk is. De behandelend arts* of huisarts indiceert  of er sprake is van een situatie waarin behandeling geen effect zal hebben. Palliatieve zorg is ook bedoeld voor de naasten van de patiënt, bijvoorbeeld in het kader van ondersteuning.
Hoe dan ook, afhankelijk van de situatie kan er sprake zijn van weken, maanden of zelfs jaren aan palliatieve zorgverlening. De indicatie/verwijzing voor palliatief terminale zorg wordt doorgaans echter afgegeven als de levensverwachting minder dan drie maanden is.
* Behandelend arts: arts die op het moment van de aanvraag van PTZ beschikt over de juiste informatie om zich een oordeel te vormen over de terminaliteit van de patiënt. Soms is daarin overleg met meerdere medisch specialisten.
Waar wordt palliatieve zorg verleend?
PTZ kan zowel thuis, in een zorginstelling of in een bijna thuissituatie (hospice) worden geleverd. Hierin spelen een aantal zaken een rol:
Wat wil de cliënt en/of zijn/haar naasten?
Wat is de situatie van de cliënt?
Heeft de cliënt al een indicatie voor de Wet langdurige zorg (Wlz)?
Palliatieve zorg wordt in bepaalde gevallen ook geleverd in het ziekenhuis.
PTZ in de thuissituatie
Indien er wordt besloten om PTZ in de thuissituatie te organiseren zijn er bepaalde voorwaarden van toepassing, namelijk:
De behandelend arts dient de medische verantwoordelijkheid op zich te nemen
Vrijwilligers en/of mantelzorgers moeten in staat zijn om toezicht te houden op de cliënt in situaties waarin geen professionele hulp aanwezig/beschikbaar is. De cliënt mag dus niet alleen thuis zijn.
Hoe kan palliatieve zorg worden aangevraagd en in welke vorm?
PTZ wordt op verschillende manieren georganiseerd en geleverd. Er zijn drie verschillende mogelijkheden qua leveringsvorm, namelijk:
Via de wijkverpleging uit de Zorgverzekeringswet (Zvw)
Vanuit de subsidieregeling eerstelijns verblijf (Wlz). Let op: deze subsidieregeling valt per 2017 onder de Zvw
Vanuit de Wlz. In bepaalde situaties kan dit met behulp van een persoonsgebonden budget (pgb), modulair pakket thuis (mpt) of volledig pakket thuis (vpt) en anders via zorg in natura
PTZ via de wijkverpleging (Zvw)
Bedoeld voor:
Cliënten zonder Wlz-indicatie die:
De zorg in de thuissituatie willen ontvangen
De zorg in een hospice, zonder Wtzi (Wet toelating zorginstellingen) voor verblijf willen ontvangen
Dit geldt ook voor:
Cliënten met een indicatie voor de Wet maatschappelijke ondersteuning (Wmo) of Zvw
Cliënten met een terugkeergarantie van vanwege een laag Zorgzwaarte Pakket (ZZP)
De behandelend arts oordeelt of de levensverwachting minder dan drie maanden is. Vervolgens is het aan de wijkverpleegkundige om de omvang van de nodige palliatieve zorg te indiceren en dit te aan te geven in een zorgplan.
Aanvragen via:
De zorgverzekeraar van de cliënt. Het is mogelijk om deze zorg middels zorg in natura te organiseren of middels een pgb in te kopen. Hoe lang de opgestelde indicatie geldig is, hangt af van de afspraken die zorgverzekeraars en aanbieders met elkaar hebben gemaakt.
PTZ via de subsidieregeling eerstelijns verblijf (Wlz)
Bedoeld voor:
Cliënten die zorg in een zorginstelling of hospice (met Wtzi toelating voor verblijf) willen ontvangen en:
Geen Wlz-indicatie hebben (dit geldt ook voor cliënten met een indicatie voor zorg uit de Wmo of Zvw of diegene met een terugkeergarantie naar de Wlz vanwege een laag ZZP)
Wel een Wlz-indicatie hebben en wonen in een kleinschalig wooninitiatief (woonsituatie)
Aanvragen via:
Het Centrum Indicatiestelling Zorg (CIZ). De zorg wordt geregeld op basis van zorg in natura. De indicatie is drie jaar geldig. Let op: de subsidieregeling eerstelijns verblijf wordt per 1 januari 2017 overgeheveld naar de Zvw en zal dan vallen onder de wijkverpleging.
PTZ vanuit de Wlz in een zorginstelling
Bedoeld voor:
Cliënten met een Wlz-indicatie (ZZP of zorgprofiel) en die willen verblijven in een zorginstelling. In het einde van de levensfase krijgen deze cliënten de nodige zorg op basis van het eerder geïndiceerde zorgprofiel (ZP). Palliatieve zorg vormt onderdeel van de taken van de zorginstelling. Onder bepaalde voorwaarden kan het voor zorgprofiel VV (verpleging en verzorging) beschermd verblijf met intensieve PTZ worden geïndiceerd. Daar is sprake van als de levensverwachting minder dan drie maanden is en aan de volgende criteria wordt voldaan:
Er is een noodzaak voor zeer intensieve zorg (24 uur per dag) die nog niet in het zorgprofiel is opgenomen
Er is noodzaak tot het bestrijden van zware pijn, verwardheid, benauwdheid en/of onrust
Er is een noodzaak voor continue zorg in de directe omgeving.
Het gaat om complexe zorg en inzet van verschillende zorgdisciplines
Let op: cliënten die in de laatste levensfase alsnog de zorg thuis of in een hospice willen ontvangen (zonder Wtzi-toelating) kunnen hier een beroep op doen. Dit kan op verklaring van de behandeld arts ook met een indicatie voor zorgprofiel VV beschermd verblijf met intensieve PTZ. Er hoeft dan niet worden voldaan aan de vier voorwaarden hierboven. Voor informatie over aanvragen, zie het volgende kopje.
Aanvragen via:
Het CIZ. De zorg wordt geleverd middels zorg in natura. De indicatie is voor een onbepaalde tijd geldig.
PTZ vanuit de Wlz thuis, in een hospice of bij een kleinschalig wooninitiatief
Bedoeld voor:
Cliënten met een Wlz-indicatie (ZZP of ZP) en die thuis, in een hospice of in een kleinschalig wooninitiatief willen verblijven. Dit kan op verklaring van de behandeld arts ook met een indicatie voor zorgprofiel VV beschermd verblijf met intensieve PTZ. Er hoeft dan niet worden voldaan aan de vier voorwaarden hierboven. Waar de cliënt de zorg thuis, in een hospice of in een kleinschalige woonsituatie ontvangt, kunnen er extra kosten in rekening worden gebracht die bovenop de kosten van het ZZP VV komen.
Aanvragen via:
Het CIZ. De zorg kan doorgaans worden geleverd middels een pgb, mpt, vpt of anders middels zorg in natura. De indicatie is voor een onbepaalde tijd geldig.
Schematisch overzicht palliatieve zorg
Hieronder volgt een schematisch overzicht van de palliatieve zorg in Nederland.
(klik op de afbeelding voor een vergroting)
★ Aan de volgende criteria waarin moet worden voldaan:
a) Er is noodzaak tot zeer intensieve 24-uurszorg die in het reeds geindiceerde zorgprofiel niet mogelijk is
b) Er is noodzaak tot bestrijding van zware pijn, benauwdheid, verwardheid en/of onrust,
c) Er is sprake van complexe zorg en inzet van verschillende disciplines en noodzaak van continue nabijheid van zorg
Eigen bijdrage voor PTZ
Voor zorg vanuit de Wlz geldt dat de cliënt een gedeelte van de kosten zelf dient te betalen. Deze kosten staan bekend als de ‘eigen bijdrage’ en zijn van toepassing voor iedereen van 18 jaar en ouder die zorg uit de Wlz ontvangt. Dat geldt dus ook voor PTZ.
Hoe hoog de eigen bijdrage is, is afhankelijk van verschillende factoren, zoals de hoogte van het inkomen en vermogen van de cliënt, de gezinssituatie van de cliënt en de zorg die wordt geleverd aan de cliënt.
Via het Centraal Administratie Kantoor (CAK) kun je een proefberekening maken om de hoogte van de eigen bijdrage in een bepaalde situatie te bepalen.
Lees ook:
proefberekening eigen bijdrage PTZ
Voor palliatieve zorg die wordt geleverd via de Zvw geldt geen eigen bijdrage. Wel zal het eigen risico van de
zorgverzekering
van de cliënt in rekening worden gebracht.
Gebruikte bronnen
Regelhulp
Uitvaartverzekering.nl
Overpalliatievezorg.nl
Agora.nl
Over de auteur:
Koen volgt dagelijks alle ontwikkelingen rondom zorgverzekeringen, van premiewijzigingen en polisvoorwaarden tot veranderingen in de Zorgverzekeringswet. Zo beschik jij altijd over actuele en betrouwbare informatie.
Meer over Koen","[{""anchor"": ""(no text)"", ""url"": ""https://www.zorgwijzer.nl/wp-content/uploads/Stroomdiagram-Palliatieve-Terminale-Zorg.jpg""}, {""anchor"": ""proefberekening eigen bijdrage PTZ"", ""url"": ""https://www.hetcak.nl/portalserver/portals/cak-portal/pages/k1-12-1-bereken-uw-eigen-bijdrage""}, {""anchor"": ""zorgverzekering"", ""url"": ""https://www.zorgwijzer.nl/zorgverzekeraar""}, {""anchor"": ""Regelhulp"", ""url"": ""https://www.regelhulp.nl/onderwerpen/zorg-in-laatste-levensfase/ptz""}, {""anchor"": ""Uitvaartverzekering.nl"", ""url"": ""https://www.uitvaartverzekering.nl""}, {""anchor"": ""Overpalliatievezorg.nl"", ""url"": ""https://overpalliatievezorg.nl/""}, {""anchor"": ""Meer over Koen"", ""url"": ""https://www.zorgwijzer.nl/over-ons/koen-kuijper""}]",,,,
Zorgwijzer.nl,Zorgwijzers overzicht - Zorgwijzer,https://www.zorgwijzer.nl/zorgwijzers,2026-05-31 14:40:58,94239f3a3f9a7daec34f373bdcc84bba6c6e256ff2594a5c14bd9fc61055ff6c,"Zorgwijzers
Hieronder vind je een overzicht van diverse zorgwijzers die
je verwijzen naar de juiste zorg en zorginformatie
Opgeblazen buik
Vitamine D
Keelpijn
Maagzuur
Aambeien
Stoppen met roken
Alle Zorgwijzers
Aften
Aften
Autisme
Autisme
Aambeien
Aambeien
Benen
Beenlengteverschil
Beroerte
Beroerte
Bevalling
Pijn tijdens bevalling
Blaasontsteking
Blaasontsteking
Blessure
Sportblessures
Borstvoeding
Borstvoeding
Buik
Opgeblazen buik
Diarree
Diarree
Dementie
Dementie
Diabetes
Diabetes type 1
Diabetes type 2
Diabetes en zwangerschap
Dyslexie
Dyslexie
Erfelijkheid
Erfelijkheid
Fibromyalgie
Fibromyalgie
Gezondheid
Dopamine
Handicap
Handicap en chronische ziekte
Hersenletsel
Gedragsveranderingen na hersenletsel
Hooikoorts
Hooikoorts
Huid
Gordelroos
Hoofdluis
Koortslip
Schurft
Waterpokken
Kanker
Kanker
Keelpijn
Keelontsteking
Kinderen
Advies kindermishandeling
Maagzuur
Brandend maagzuur
Medicijnen
Informatie over geneesmiddelen
Mineralen
Kalium
Magnesium
Oor
Oorontsteking en slijmoor
Orgaandonatie
Orgaandonatie
Overgewicht
Overgewicht
Probiotica
Probiotica
Posttraumatische dystrofie
Posttraumatische dystrofie
Processierups
Eikenprocessierups
Psychologische aandoeningen
Burn-out
Depressie
Roken
Stoppen met roken
Spierziekten
Spierziekten
Ademhalings-ondersteuning
Advies over erfelijkheid
Medische zorg
Revalidatie
Vaststellen van een spierziekte
Tand
Beugel
Tekenbeetziekten
Tekenbeet
Stichting tekenbeetziekten
Tekenkaart
Voeten
Voetproblemen
Vitaminen
Omega 3
Vitamine B12 (tekort)
Vitamine D
Hulp nodig met je zorgverzekering?
Neem dan contact op met één van onze zorgexperts.
Stuur ons een bericht
Meer over ons","[{""anchor"": ""Opgeblazen buik"", ""url"": ""https://www.zorgwijzer.nl/zorgwijzers/opgeblazen-buik""}, {""anchor"": ""Vitamine D"", ""url"": ""https://www.zorgwijzer.nl/zorgwijzers/vitamine-d""}, {""anchor"": ""Keelpijn"", ""url"": ""https://www.zorgwijzer.nl/zorgwijzers/keelontsteking""}, {""anchor"": ""Maagzuur"", ""url"": ""https://www.zorgwijzer.nl/zorgwijzers/maagzuur""}, {""anchor"": ""Aambeien"", ""url"": ""https://www.zorgwijzer.nl/zorgwijzers/aambeien""}, {""anchor"": ""Stoppen met roken"", ""url"": ""https://www.zorgwijzer.nl/zorgwijzers/stoppen-met-roken""}, {""anchor"": ""Aften"", ""url"": ""https://www.zorgwijzer.nl/zorgwijzers/aften""}, {""anchor"": ""Autisme"", ""url"": ""https://www.zorgwijzer.nl/zorgwijzers/autisme""}, {""anchor"": ""Beenlengteverschil"", ""url"": ""https://www.zorgwijzer.nl/zorgwijzers/beenlengteverschil""}, {""anchor"": ""Beroerte"", ""url"": ""https://www.zorgwijzer.nl/zorgwijzers/beroerte""}, {""anchor"": ""Pijn tijdens bevalling"", ""url"": ""https://www.zorgwijzer.nl/zorgwijzers/pijn-tijdens-bevalling""}, {""anchor"": ""Blaasontsteking"", ""url"": ""https://www.zorgwijzer.nl/zorgwijzers/blaasontsteking""}, {""anchor"": ""Sportblessures"", ""url"": ""https://www.zorgwijzer.nl/zorgwijzers/sportblessures""}, {""anchor"": ""Borstvoeding"", ""url"": ""https://www.zorgwijzer.nl/zorgwijzers/borstvoeding""}, {""anchor"": ""Diarree"", ""url"": ""https://www.zorgwijzer.nl/zorgwijzers/diarree""}, {""anchor"": ""Dementie"", ""url"": ""https://www.zorgwijzer.nl/zorgwijzers/dementie""}, {""anchor"": ""Diabetes type 1"", ""url"": ""https://diabeter.nl/nl/over-diabetes/type1diabetes/""}, {""anchor"": ""Diabetes type 2"", ""url"": ""https://www.dvn.nl/Wat-is-diabetes/Type-2""}, {""anchor"": ""Diabetes en zwangerschap"", ""url"": ""https://www.dvn.nl/Leven-met-diabetes/Kinderwens""}, {""anchor"": ""Dyslexie"", ""url"": ""https://www.zorgwijzer.nl/zorgwijzers/dyslexie""}, {""anchor"": ""Erfelijkheid"", ""url"": ""https://www.zorgwijzer.nl/zorgwijzers/erfelijkheid""}, {""anchor"": ""Fibromyalgie"", ""url"": ""https://www.zorgwijzer.nl/zorgwijzers/fibromyalgie""}, {""anchor"": ""Dopamine"", ""url"": ""https://www.zorgwijzer.nl/zorgwijzers/dopamine""}, {""anchor"": ""Handicap en chronische ziekte"", ""url"": ""https://www.zorgwijzer.nl/zorgwijzers/handicap""}, {""anchor"": ""Gedragsveranderingen na hersenletsel"", ""url"": ""https://www.hersenstichting.nl/webwinkel/producten/brochure-gedragsveranderingen""}, {""anchor"": ""Hooikoorts"", ""url"": ""https://www.zorgwijzer.nl/zorgwijzers/hooikoorts""}, {""anchor"": ""Gordelroos"", ""url"": ""https://www.zorgwijzer.nl/zorgwijzers/gordelroos""}, {""anchor"": ""Hoofdluis"", ""url"": ""https://www.zorgwijzer.nl/zorgwijzers/hoofdluis""}, {""anchor"": ""Koortslip"", ""url"": ""https://www.zorgwijzer.nl/zorgwijzers/koortslip""}, {""anchor"": ""Schurft"", ""url"": ""https://www.zorgwijzer.nl/zorgwijzers/schurft""}, {""anchor"": ""Waterpokken"", ""url"": ""https://www.zorgwijzer.nl/zorgwijzers/waterpokken""}, {""anchor"": ""Kanker"", ""url"": ""https://www.zorgwijzer.nl/zorgwijzers/kanker""}, {""anchor"": ""Advies kindermishandeling"", ""url"": ""https://www.zorgwijzer.nl/zorgwijzers/kindermishandeling""}, {""anchor"": ""Informatie over geneesmiddelen"", ""url"": ""https://www.zorgwijzer.nl/zorgwijzers/medicijnen""}, {""anchor"": ""Kalium"", ""url"": ""https://www.zorgwijzer.nl/zorgwijzers/kalium""}, {""anchor"": ""Magnesium"", ""url"": ""https://www.zorgwijzer.nl/zorgwijzers/magnesium""}, {""anchor"": ""Oorontsteking en slijmoor"", ""url"": ""https://www.zorgwijzer.nl/zorgwijzers/oorontsteking-en-slijmoor""}, {""anchor"": ""Orgaandonatie"", ""url"": ""https://www.zorgwijzer.nl/zorgwijzers/orgaandonatie""}, {""anchor"": ""Overgewicht"", ""url"": ""https://www.zorgwijzer.nl/zorgwijzers/overgewicht""}, {""anchor"": ""Probiotica"", ""url"": ""https://www.zorgwijzer.nl/zorgwijzers/probiotica""}, {""anchor"": ""Posttraumatische dystrofie"", ""url"": ""https://www.zorgwijzer.nl/zorgwijzers/posttraumatische-dystrofie""}, {""anchor"": ""Eikenprocessierups"", ""url"": ""https://www.zorgwijzer.nl/zorgwijzers/processierups""}, {""anchor"": ""Burn-out"", ""url"": ""https://www.zorgwijzer.nl/zorgwijzers/burn-out""}, {""anchor"": ""Depressie"", ""url"": ""https://www.zorgwijzer.nl/zorgwijzers/depressie""}, {""anchor"": ""Spierziekten"", ""url"": ""https://www.zorgwijzer.nl/zorgwijzers/spierziekten""}, {""anchor"": ""Ademhalings-ondersteuning"", ""url"": ""https://www.spierziekten.nl/zorgwijzer/zoeken/categorie/ademhalings-ondersteuning/""}, {""anchor"": ""Advies over erfelijkheid"", ""url"": ""https://www.spierziekten.nl/zorgwijzer/zoeken/categorie/advies-over-erfelijkheid/""}, {""anchor"": ""Medische zorg"", ""url"": ""https://www.spierziekten.nl/zorgwijzer/zoeken/categorie/medische-zorg/""}, {""anchor"": ""Revalidatie"", ""url"": ""https://www.spierziekten.nl/zorgwijzer/zoeken/categorie/revalidatie/""}, {""anchor"": ""Vaststellen van een spierziekte"", ""url"": ""https://www.spierziekten.nl/zorgwijzer/zoeken/categorie/vaststellen-van-een-spierziekte/""}, {""anchor"": ""Beugel"", ""url"": ""https://www.zorgwijzer.nl/zorgwijzers/beugel""}, {""anchor"": ""Tekenbeet"", ""url"": ""https://www.zorgwijzer.nl/zorgwijzers/tekenbeet""}, {""anchor"": ""Stichting tekenbeetziekten"", ""url"": ""https://www.tekenbeetziekten.nl/""}, {""anchor"": ""Tekenkaart"", ""url"": ""https://www.zorgwijzer.nl/wp-content/uploads/STZ-tekenkaart.png""}, {""anchor"": ""Voetproblemen"", ""url"": ""https://www.zorgwijzer.nl/zorgwijzers/voetproblemen""}, {""anchor"": ""Omega 3"", ""url"": ""https://www.zorgwijzer.nl/zorgwijzers/omega-3""}, {""anchor"": ""Vitamine B12 (tekort)"", ""url"": ""https://www.zorgwijzer.nl/zorgwijzers/vitamine-b12-tekort""}, {""anchor"": ""Stuur ons een bericht"", ""url"": ""https://www.zorgwijzer.nl/contact""}, {""anchor"": ""Meer over ons"", ""url"": ""https://www.zorgwijzer.nl/over-ons""}]",,,,
Zorgwijzer.nl,Pruiken (haarprothese) vergoeding (update: 2026) - Zorgwijzer,https://www.zorgwijzer.nl/vergoeding/pruiken,2026-05-31 14:41:08,d6a46182326e617c01b53b626c28786d58f8a89bb48d172adf1481c326bf3a3b,"Als gevolg van een ziekte of een bepaalde behandeling kan haarverlies of zelfs kaalheid optreden. Dit kan voor zowel vrouwen als mannen een vervelende impact hebben in het dagelijks leven. Een pruik (of op maat gemaakte haarprothese) kan in dat geval een goede oplossing zijn.
Vanuit de zorgverzekering (basis en aanvullend) zijn er diverse vergoedingsmogelijkheden voor een pruik of haarprothese. Op deze pagina wordt besproken welke vergoedingen mogelijk zijn en welke voorwaarden daar bij komen kijken.
Bekijk de aanvullende dekkingen voor pruiken per zorgverzekeraar
Vergoeding basisverzekering
Vanuit de basisverzekering kan men aanspraak maken voor een vergoeding van een haarwerk, zoals een pruik of haarprothese. Er geldt een maximale vergoeding van
497,50 euro
(2026).
Als het haarwerk duurder is, moet het verschil door de verzekerde zelf worden bijbetaald. Dit is de eigen bijdrage. Uitzondering hierop is als de verzekerde een aanvullende verzekering heeft met dekking voor deze eigen bijdrage (overzicht hieronder).
Voorwaarden
Bij vergoeding vanuit de basisverzekering gelden voorwaarden:
De patiënt/verzekerde is helemaal of gedeeltelijk kaal als gevolg van een ziekte of behandeling, bijvoorbeeld chemotherapie. Of er is sprake van kaalhoofdigheid bij vrouwen
Je betaalt het verplichte eigen risico (jongeren tot 18 jaar uitgesloten) aan de zorgverzekeraar. Als je ook een vrijwillig eigen risico hebt, dien je deze ook eerst te betalen voordat de zorgverzekeraar gaat vergoeden.
De vergoeding geldt voor de pruik zelf, niet voor het aanmeten van de pruik.
De vergoeding kan, afhankelijk van de polis, lager uitvallen bij een leverancier die niet is gecontracteerd door de zorgverzekeraar.
Goed om te weten
Als er gebruik wordt gemaakt van een leverancier waar de zorgverzekeraar een contract mee heeft, kan er direct contact worden opgenomen met de leverancier. Het voorschrift van de medisch specialist is hierbij belangrijk, want hier staat op welk soort haarwerk er nodig/wenselijk is.
Als er gebruik wordt gemaakt van een leverancier waar de zorgverzekeraar geen contract mee heeft, moet er in veel gevallen van te voren toestemming worden gevraagd bij de zorgverzekeraar voor de aanschaf, vervanging of reparatie van een pruik. Op de website van de desbetreffende zorgverzekeraar kun je vinden hoe je toestemming kunt vragen.
Ziektekosten die niet worden gedekt, maar die je zelf betaalt, komen soms in aanmerking als
aftrekbare ziektekosten
bij de aangifte inkomstenbelasting.
Vergoeding aanvullende zorgverzekering
Diverse zorgverzekeraars hebben een vergoeding voor pruiken. Je komt voor deze vergoeding via een aanvullende verzekering als de pruik duurder is dan de maximale vergoeding die geldt vanuit de basisverzekering.
De zorgverzekeraar zal dus eerst vergoeden vanuit de basisverzekering. Vervolgens wordt bekeken wat de aanvullende verzekering daarbovenop nog dekt.
De vergoeding kan bij veel zorgverzekeraars ook gebruikt worden voor een andere vorm van hoofdbedekking, zoals een bandana of hoed.
De vergoeding van pruiken (haarprotheses) vanuit de aanvullende verzekering kan op twee manieren tot stand komen:
De zorgverzekeraar vergoed pruiken uit één vast budget ‘hulpmiddelen’. Uit dit budget worden dan ook andere hulpmiddelen vergoed, zoals een gehoorapparaat.
De zorgverzekeraar hanteert een aparte vergoeding voor pruiken.
In de tabel hieronder wordt toegelicht welke vergoeding er is
bovenop de basisverzekering
In het kader van de vergoeding is het raadzaam om contact op te nemen met de zorgverzekeraar of de polisvoorwaarden te raadplegen.
Selecteer een zorgverzekeraar
Toon alle zorgverzekeraars
Menzis
VGZ
Zilveren Kruis
a.s.r.
a.s.r. (Ik kies zelf)
Aevitae
Anderzorg
CZdirect
De Christelijke
De Friesland
DSW
FBTO
ING (CZdirect)
Interpolis
IZA
IZZ door VGZ
Just
Menzis
NN - Zorgvoordelig
OHRA
ONVZ
Salland
Stad Holland
Umc
UnitedConsumers
Univé
VGZ
VGZbewuzt
VinkVink
VvAA
ZEKUR
ZieZo
Zilveren Kruis
Zorg en Zekerheid
Download als PDF
a.s.r.
Helaas, hier geen vergoeding voor pruiken (haarprothese) in de aanvullende verzekering.
a.s.r. (Ik kies zelf)
Helaas, hier geen vergoeding voor pruiken (haarprothese) in de aanvullende verzekering.
Aevitae
Naam
verzekering
Vergoeding
Premie
per maand
Laef! 3
€ 125 extra vergoeding bovenop de basisdekking (€ 482,50)
€ 31,30
Laef! 4
€ 250 extra vergoeding bovenop de basisdekking (€ 482,50)
€ 58,24
Anderzorg
Helaas, hier geen vergoeding voor pruiken (haarprothese) in de aanvullende verzekering.
Naam
verzekering
Vergoeding
Premie
per maand
Basis
€ 75 extra vergoeding bovenop de basisdekking (€ 482,50)
€ 10,85
50+
€ 75 extra vergoeding bovenop de basisdekking (€ 482,50)
€ 22,20
Plus
€ 75 extra vergoeding bovenop de basisdekking (€ 482,50)
€ 27,35
Top
€ 75 extra vergoeding bovenop de basisdekking (€ 482,50)
€ 49,95
CZdirect
Helaas, hier geen vergoeding voor pruiken (haarprothese) in de aanvullende verzekering.
De Christelijke
Naam
verzekering
Vergoeding
Premie
per maand
Largepolis
€ 100 extra vergoeding bovenop de basisdekking (€ 482,50)
€ 51,50
Extra Largepolis
€ 200 extra vergoeding bovenop de basisdekking (€ 482,50)
€ 79,95
Extra Largepolis is niet meer af te sluiten
De Friesland
Helaas, hier geen vergoeding voor pruiken (haarprothese) in de aanvullende verzekering.
DSW
Naam
verzekering
Vergoeding
Premie
per maand
AV Top
€ 135 extra vergoeding bovenop de basisdekking (€ 482,50)
€ 51,00
FBTO
Naam
verzekering
Vergoeding
Premie
per maand
Gezichtszorg & Orthodontie
€ 250 extra vergoeding bovenop de basisdekking (€ 482,50)
€ 16,75
Deze module heeft de volgende dekkingen: € 500 vergoeding per jaar voor Orthodontie per meeverzekerd kind (tot 18 jaar) | € 250 aan budget dat per verzekerde kan worden gebruikt voor acnetherapie, eigen bijdrage gehoorapparaten, eigen bijdrage pruiken, elektrische epilatie gezichtsbeharing en/of camouflagetherapie | € 100 vergoeding per twee jaar voor een complete bril, contactlenzen of nachtlenzen
ING (CZdirect)
Helaas, hier geen vergoeding voor pruiken (haarprothese) in de aanvullende verzekering.
Interpolis
Naam
verzekering
Vergoeding
Premie
per maand
ZonderZorgen
€ 100 extra vergoeding bovenop de basisdekking (€ 482,50)
€ 34,75
IZA
Naam
verzekering
Vergoeding
Premie
per maand
IZA Extra Zorg 1
€ 250 extra vergoeding bovenop de basisdekking (€ 482,50)
€ 19,95
IZA Extra Zorg 2
€ 250 extra vergoeding bovenop de basisdekking (€ 482,50)
€ 48,50
IZA Extra Zorg 3
€ 500 extra vergoeding bovenop de basisdekking (€ 482,50)
€ 55,75
Classic Comfort
€ 500 extra vergoeding bovenop de basisdekking (€ 482,50)
€ 65,30
IZZ door VGZ
Naam
verzekering
Vergoeding
Premie
per maand
Zorg voor de Zorg + Extra 2
€ 250 extra vergoeding bovenop de basisdekking (€ 482,50)
€ 92,50
Zorg voor de Zorg + Extra 3
€ 250 extra vergoeding bovenop de basisdekking (€ 482,50)
€ 119,38
Just
Helaas, hier geen vergoeding voor pruiken (haarprothese) in de aanvullende verzekering.
Menzis
Naam
verzekering
Vergoeding
Premie
per maand
ExtraVerzorgd 1
€ 100 extra vergoeding bovenop de basisdekking (€ 482,50)
€ 8,60
ExtraVerzorgd 2
€ 200 extra vergoeding bovenop de basisdekking (€ 482,50)
€ 25,00
ExtraVerzorgd 3
€ 300 extra vergoeding bovenop de basisdekking (€ 482,50)
€ 45,80
Naam
verzekering
Vergoeding
Premie
per maand
Extra
€ 200 extra vergoeding bovenop de basisdekking (€ 482,50)
€ 28,66
Jij & Vitaal
€ 250 extra vergoeding bovenop de basisdekking (€ 482,50)
€ 42,95
Compleet
€ 500 extra vergoeding bovenop de basisdekking (€ 482,50)
€ 52,01
NN - Zorgvoordelig
Helaas, hier geen vergoeding voor pruiken (haarprothese) in de aanvullende verzekering.
OHRA
Naam
verzekering
Vergoeding
Premie
per maand
Extra Aanvullend
€ 250 extra vergoeding bovenop de basisdekking (€ 482,50)
€ 25,89
Uitgebreid
€ 500 extra vergoeding bovenop de basisdekking (€ 482,50)
€ 49,83
ONVZ
Naam
verzekering
Vergoeding
Premie
per maand
Optifit
€ 250 extra vergoeding bovenop de basisdekking (€ 482,50)
€ 46,95
Topfit
€ 500 extra vergoeding bovenop de basisdekking (€ 482,50)
€ 74,40
Salland
Naam
verzekering
Vergoeding
Premie
per maand
Extra
€ 100 extra vergoeding bovenop de basisdekking (€ 482,50)
€ 14,00
Plus
€ 200 extra vergoeding bovenop de basisdekking (€ 482,50)
€ 27,00
Top
€ 300 extra vergoeding bovenop de basisdekking (€ 482,50)
€ 49,95
Stad Holland
Naam
verzekering
Vergoeding
Premie
per maand
Uitgebreide AV
€ 135 extra vergoeding bovenop de basisdekking (€ 482,50)
€ 53,00
Extra Uitgebreide AV
€ 135 extra vergoeding bovenop de basisdekking (€ 482,50)
€ 73,00
Umc
Naam
verzekering
Vergoeding
Premie
per maand
UMC Extra Zorg 2
€ 250 extra vergoeding bovenop de basisdekking (€ 482,50)
€ 34,22
UMC Extra Zorg 3
€ 500 extra vergoeding bovenop de basisdekking (€ 482,50)
€ 52,22
UnitedConsumers
Naam
verzekering
Vergoeding
Premie
per maand
ZorgZeker 2
€ 250 extra vergoeding bovenop de basisdekking (€ 482,50)
€ 25,80
ZorgZeker 3
€ 500 extra vergoeding bovenop de basisdekking (€ 482,50)
€ 46,75
Univé
Naam
verzekering
Vergoeding
Premie
per maand
Aanvullend Beter
€ 150 extra vergoeding bovenop de basisdekking (€ 482,50)
€ 26,00
Aanvullend Best
€ 200 extra vergoeding bovenop de basisdekking (€ 482,50)
€ 41,00
VGZ
Naam
verzekering
Vergoeding
Premie
per maand
Aanvullend Beter
€ 250 extra vergoeding bovenop de basisdekking (€ 482,50)
€ 28,50
Aanvullend Best
€ 500 extra vergoeding bovenop de basisdekking (€ 482,50)
€ 47,60
VGZbewuzt
Helaas, hier geen vergoeding voor pruiken (haarprothese) in de aanvullende verzekering.
VinkVink
Helaas, hier geen vergoeding voor pruiken (haarprothese) in de aanvullende verzekering.
VvAA
Naam
verzekering
Vergoeding
Premie
per maand
Optimaal
€ 250 extra vergoeding bovenop de basisdekking (€ 482,50)
€ 44,42
Top
€ 500 extra vergoeding bovenop de basisdekking (€ 482,50)
€ 70,40
ZEKUR
Naam
verzekering
Vergoeding
Premie
per maand
Extra ZEKUR
€ 250 extra vergoeding bovenop de basisdekking (€ 482,50)
€ 39,25
ZieZo
Helaas, hier geen vergoeding voor pruiken (haarprothese) in de aanvullende verzekering.
Zilveren Kruis
Naam
verzekering
Vergoeding
Premie
per maand
Aanvullend 3 Sterren
€ 100 extra vergoeding bovenop de basisdekking (€ 482,50)
€ 42,50
Aanvullend 4 Sterren
€ 200 extra vergoeding bovenop de basisdekking (€ 482,50)
€ 70,95
Aanvullend 4 Sterren is niet meer af te sluiten
Zorg en Zekerheid
Naam
verzekering
Vergoeding
Premie
per maand
AV Basis
€ 70 extra extra vergoeding bovenop de basisdekking (€ 482,50)
€ 17,05
AV Standaard
€ 70 extra extra vergoeding bovenop de basisdekking (€ 482,50)
€ 25,55
AV Top
€ 140 extra vergoeding bovenop de basisdekking (€ 482,50)
€ 54,20
AV Plus
€ 140 extra vergoeding bovenop de basisdekking (€ 482,50)
€ 58,50
AV GeZZin
€ 140 extra vergoeding bovenop de basisdekking (€ 482,50)
€ 66,50
Het bovenstaande overzicht is bedoeld als indicatie voor de vergoeding via de zorgverzekeraar. Aan de verstrekte informatie kunnen geen rechten worden ontleend. Wij aanvaarden geen enkele aansprakelijkheid voor eventuele fouten en onjuistheden. Raadpleeg voor de exacte vergoedingen altijd de polisvoorwaarden van de verzekeraar.","[{""anchor"": ""aftrekbare ziektekosten"", ""url"": ""https://www.zorgwijzer.nl/faq/aftrekbare-zorgkosten""}, {""anchor"": ""Download als PDF"", ""url"": ""https://www.zorgwijzer.nl/pdf/5882.pdf?date=31-05-2026""}]",,,,
