Cancer Type,Source URL,General Description,Prognosis (Vooruitzichten),Symptoms (Symptomen),Causes (Oorzaken),Treatments (Behandeling)
Alvleesklierkanker,https://www.kanker.nl/kankersoorten/alvleesklierkanker/algemeen/wat-is-alvleesklierkanker,Alvleesklierkanker is kanker die in de alvleesklier ontstaat. De medische term hiervoor is pancreascarcinoom of pancreaskanker. De vooruitzichten bij alvleesklierkanker zijn meestal niet goed.,"De vooruitzichten bij alvleesklierkanker zijn niet goed. Dat komt omdat alvleesklierkanker vaak pas wordt ontdekt als je al uitzaaiingen hebt. Maar ook als je geen uitzaaiingen hebt, is de kans klein dat je beter wordt. Vijf jaar na de diagnose leven nog ongeveer 5 van de 100 mensen. De beste overlevingskansen zijn als de tumor met een operatie verwijderd kan worden, in combinatie met chemotherapie behandeling. Bekijk de overlevingscijfers van alvleesklierkanker . ","De meeste mensen met alvleesklierkanker hebben in het begin geen klachten. Als de tumor groeit, kun je last krijgen van bijvoorbeeld geelzucht, afvallen, pijn of misselijkheid. Lees verder over de symptomen van alvleesklierkanke r . ",De precieze oorzaak van alvleesklierkanker is niet bekend. Wel zijn er factoren die de kans groter maken dat je alvleesklierkanker krijgt. Lees verder over de oorzaken en risicofactoren van alvleesklierkanke r . ,De meeste mensen met alvleesklierkanker krijgen chemotherapie of een behandeling tegen de klachten van de kanker. Soms krijg je een operatie. Dat kan meestal alleen als je geen uitzaaiingen hebt. Of als de tumor niet doorgroeit in de grote bloedvaten. Lees verder over de behandeling van alvleesklierkanke r . 
Anuskanker,https://www.kanker.nl/kankersoorten/anuskanker/algemeen/wat-is-anuskanker,Anuskanker is kanker die ontstaat in de anus. Of in de huid om de anus heen. Een ander woord voor anus is poepgat. Anuskanker komt weinig voor. Per jaar krijgen ongeveer 300 mensen de diagnose. Anuskanker heet ook wel anuscarcinoom.,"Veel mensen gaan op zoek naar wat anuskanker betekent voor hun vooruitzichten. Is deze kanker goed te behandelen en wat kan ik verwachten? Soms is daar iets over te zeggen, maar soms ook niet. Je vooruitzichten hangen af van verschillende dingen. Bijvoorbeeld hoe vroeg de ziekte is ontdekt. Wil je weten waar je aan toe bent? Vraag het aan je arts. Die kan meer vertellen. Bekijk de overlevingscijfers van anuskanker .",Bij anuskanker kan zitten of poepen pijnlijk zijn. Ook kun je een zwelling of knobbeltje hebben aan je anus. Of je hebt bloed bij je ontlasting (poep). Het kan ook zijn dat je vaker naar de wc moet om te poepen. Of juist minder vaak. Sommige mensen met anuskanker hebben lange tijd geen klachten. Lees verder over symptomen van anuskanker .,"De oorzaak van anuskanker is meestal een infectie met HPV. Iedereen kan een infectie met HPV krijgen. Maar de kans dat HPV tot kanker leidt, is heel klein. Lees verder over de oorzaken en risicofactoren van anuskanker .","Er zijn verschillende behandelingen mogelijk bij anuskanker. De meeste mensen krijgen bestraling. Dat kan in combinatie met chemotherapie zijn, dan heet de behandeling chemoradiatie. Lees verder over behandelingen van anuskanker ."
Atypisch fibroxanthoom,https://www.kanker.nl/kankersoorten/atypisch-fibroxanthoom/algemeen/wat-is-atypisch-fibroxanthoom,"Een atypisch fibroxanthoomis een zeldzame soort huidkanker. Deze soort huidkanker groeit snel, maar zaait bijna nooit uit.",Een atypisch fibroxanthoom is goed te behandelen. De kans dat je geneest is heel groot.,N/A,De belangrijkste risicofactor voor een atypisch fibroxanthoom is de zon. De zon geeft uv-straling af. Met veel uv-straling op je huid heb je meer kans om een atypisch fibroxanthoom te krijgen. Lees verder over de oorzaken en risicofactoren van atypisch fibroxanthoom .,Heb je een atypisch fibroxanthoom? Dan krijg je meestal een operatie om de tumor weg te halen. Lees verder over behandelingen bij atypisch fibroxanthoom .
Baarmoederhalskanker,https://www.kanker.nl/kankersoorten/baarmoederhalskanker/algemeen/wat-is-baarmoederhalskanker,Baarmoederhalskanker is kanker die in de baarmoederhals ontstaat. Het medische woord is cervixcarcinoom. Baarmoederhalskanker wordt meestal ontdekt bij het bevolkingsonderzoek baarmoederhalskanker.,"Het is begrijpelijk dat je meer wilt weten over je vooruitzichten. Is baarmoederhalskanker goed te behandelen en wat kun je verwachten? Soms is daar iets over te zeggen, maar soms ook niet. Dat hangt af van verschillende dingen Bijvoorbeeld van de grootte van de tumor en of er uitzaaiingen zijn. Wil je weten waar je aan toe bent? Vraag het je arts. Die kan misschien meer vertellen. Of bekijk de overlevingscijfers van baarmoederhalskanker .","Baarmoederhalskanker en de behandeling hebben vaak invloed op je leven. Soms kun je last blijven houden van de gevolgen van de behandeling. Bijvoorbeeld van vermoeidheid, problemen met seksualiteit of lymfoedeem. De behandeling kan ook gevolgen hebben voor je vruchtbaarheid. Lees verder over klachten na baarmoederhalskanker .",N/A,"Er zijn verschillende behandelingen voor baarmoederhalskanker. Zoals een operatie, chemoradiatie, doelgerichte therapie, chemotherapie, immunotherapie, bestraling en hyperthermie. Lees verder over behandelingen bij baarmoederhalskanker ."
Baarmoederkanker,https://www.kanker.nl/kankersoorten/baarmoederkanker/algemeen/wat-is-baarmoederkanker,Baarmoederkanker is kanker die in de baarmoeder ontstaat. Het medische woord is endometriumcarcinoom. Baarmoederkanker komt meestal voor na de overgang.,"Begrijpelijk dat je meer wilt weten over je vooruitzichten. Is baarmoederkanker goed te behandelen en wat kun je verwachten?  Soms is daar iets over te zeggen, maar soms ook niet. Dat hangt af van verschillende dingen. Bijvoorbeeld van de grootte van de tumor en of er uitzaaiingen zijn. Wil je weten waar je aan toe bent? Vraag het je arts. Die kan misschien meer vertellen. Bekijk de overlevingscijfers van baarmoederkanker .","Baarmoederkanker en de behandeling hebben vaak invloed op je leven. Vooral als je een combinatie van behandelingen hebt gehad kun je last blijven houden van de gevolgen van de behandeling. Bijvoorbeeld van vermoeidheid, lymfoedeem of seksuele problemen Lees verder over klachten na baarmoederkanker .",Er zijn risicofactoren die de kans op baarmoederkanker groter maken. Jarenlang veel oestrogeen hebben is de grootste risicofactor. Lees verder over de risicofactoren voor baarmoederkanker .,"Er zijn verschillende behandelingen mogelijk bij baarmoederkanker. Zoals een operatie, chemoradiatie, bestraling, chemotherapie, hormoontherapie of immunotherapie. Lees verder over behandelingen bij baarmoederkanker ."
Baarmoedersarcoom,https://www.kanker.nl/kankersoorten/baarmoedersarcoom/algemeen/wat-is-baarmoedersarcoom,Een baarmoedersarcoom is een zeldzame vorm van kanker in de baarmoeder. De tumor ontstaat in het spierweefsel of bindweefsel van de baarmoeder. Een ander woord voor baarmoedersarcoom is uterussarcoom.,"Het is begrijpelijk dat je meer wilt weten over je vooruitzichten. Is baarmoedersarcoom goed te behandelen en wat kun je verwachten? Soms is daar iets over te zeggen, maar soms ook niet. Dat hangt af van verschillende dingen. Bijvoorbeeld van de grootte van de tumor en of er uitzaaiingen zijn. Wil je weten waar je aan toe bent? Vraag het je arts. Die kan misschien meer vertellen. Bekijk de overlevingscijfers van baarmoedersarcoom .","Baarmoedersarcoom en de behandeling hebben vaak invloed op je leven. Je kunt last blijven houden van de gevolgen van de behandeling. Bijvoorbeeld van plasklachten, darmklachten, lymfoedeem of seksuele problemen. Vooral als je een combinatie van behandelingen hebt gehad. Lees meer over klachten na baarmoedersarcoom .",Er zijn risicofactoren bekend die de kans op baarmoedersarcoom groter maken. Zoals lange tijd het medicijn tamoxifen gebruiken als hormoontherapie bij borstkanker. Lees verder over de oorzaken en risicofactoren bij baarmoedersarcoom .,"Er zijn verschillende behandelingen mogelijk bij baarmoedersarcoom. De meeste vrouwen krijgen eerst een operatie. Bestraling, chemotherapie of hormoontherapie kunnen ook behandelingen zijn. Lees verder over behandelingen bij baarmoedersarcoom ."
Basaalcelcarcinoom,https://www.kanker.nl/kankersoorten/basaalcelcarcinoom/algemeen/wat-is-basaalcelcarcinoom,Een basaalcelcarcinoom is een kwaadaardig plekje dat ontstaat op je huid. Het is de meest voorkomende vorm van huidkanker. Een basaalcelcarcinoom groeit langzaam en zaait bijna nooit uit.,Een basaalcelcarcinoom zaait bijna nooit uit. De arts kan het plekje vaak helemaal weghalen. Daarom genezen bijna alle mensen met een basaalcelcarcinoom.,N/A,Er zijn factoren die het risico op een basaalcelcarcinoom groter maken. De belangrijkste is uv-straling van de zon of zonnebank. Lees verder over de risicofactoren van een basaalcelcarcinoom .,Meestal snijdt de arts het basaalcelcarcinoom weg. Soms wordt de plek bestraald. Of krijg je een behandeling met een crème. Lees verder over behandelingen bij een basaalcelcarcinoom .
Bijnierkanker,https://www.kanker.nl/kankersoorten/bijnierkanker/algemeen/wat-is-bijnierkanker,"Bijnierkanker is kanker die ontstaat in de bijnier. De bijnieren zitten bovenop de nieren, aan de achterkant van je buik. Ze maken hormonen. Bijnierkanker komt weinig voor. Per jaar krijgen ongeveer 30 mensen de diagnose. Een ander woord voor bijnierkanker is bijniercarcinoom.","Veel mensen gaan op zoek naar wat bijnierkanker betekent voor hun vooruitzichten. Is deze kanker goed te behandelen en wat kan ik verwachten? Soms is daar iets over te zeggen, maar soms ook niet. Hoe de ziekte verloopt, verschilt per persoon. De ziekte kan snel gaan, maar door de behandeling kun je soms nog een tijd leven, ook met uitzaaiingen. Wil je weten waar je aan toe bent? Vraag het aan je arts. Die kan misschien meer vertellen. Bekijk de cijfers over bijnierkanker .",Bij bijnierkanker heb je niet altijd klachten. Sommige mensen krijgen een hoge bloeddruk of worden zwaarder zonder dat duidelijk is waarom. Of mensen krijgen snel blauwe plekken en hebben wondjes die niet goed genezen. Maar de klachten zijn niet bij iedereen hetzelfde. Lees verder over symptomen bij bijnierkanker .,N/A,"De meeste mensen met bijnierkanker krijgen een operatie. Dan verwijdert de arts je bijnier met de tumor erin. Maar je kunt ook medicijnen krijgen, zoals chemotherapie. Lees verder over behandelingen van bijnierkanker ."
Blaaskanker,https://www.kanker.nl/kankersoorten/blaaskanker/algemeen/wat-is-blaaskanker,"Blaaskanker is kanker van de blaas. Meestal wordt met blaaskanker urotheelcarcinoom van de blaas bedoeld, maar er zijn ook zeldzamer soorten blaaskanker.",Hoe je vooruitzichten zijn en of je kunt genezen van blaaskanker hangt vooral af van de soort blaaskanker . Je vooruitzichten zijn slechter als er al uitzaaiingen zijn wanneer je de diagnose krijgt. Het is lastig om algemene informatie te geven over jouw situatie. De vooruitzichten hangen ook af van je persoonlijke omstandigheden. Heb je vragen? Stel ze dan aan je arts. Bekijk de overlevingscijfers van blaaskanker . ,"Blaaskanker wordt vaak bij toeval ontdekt. De meeste mensen met blaaskanker hebben in het begin geen klachten. Als de tumor groeit, kun je last krijgen van bloed in je urine. Opvallend is dat je hierbij geen andere klachten hebt, zoals pijn of het gevoel van een blaasontsteking. Lees verder over de symptomen van blaaskanker . ",Roken is de belangrijkste risicofactor voor het krijgen van blaaskanker. Ook bepaalde giftige stoffen vergroten de kans dat je blaaskanker krijgt. Lees verder over de oorzaken en risicofactoren van blaaskanker . ,"Welke behandeling je krijgt, verschilt per soort blaaskanker. Als het kan, probeert de arts de tumor te verwijderen. Je kunt daarna ook nog een andere behandeling krijgen zoals chemotherapie. Lees verder over de behandeling van blaaskanker . "
Borstkanker,https://www.kanker.nl/kankersoorten/borstkanker/algemeen/wat-is-borstkanker,Borstkanker is kanker die in de borst ontstaat. Het medische woord is mammacarcinoom. In Nederland krijgt 1 op de 7 vrouwen de diagnose borstkanker.,"Begrijpelijk dat je meer wilt weten over je vooruitzichten. Is borstkanker goed te behandelen en wat kun je verwachten? Soms is daar iets over te zeggen, maar soms ook niet. De prognose van borstkanker hangt af van verschillende dingen. Bijvoorbeeld van de soort borstkanker die je hebt en het stadium van de ziekte bij diagnose. Wil je weten waar je aan toe bent? Vraag het je arts. Die kan misschien meer vertellen. Bekijk de overlevingscijfers bij borstkanker .","Borstkanker en de behandeling kunnen veel invloed hebben op je leven. Sommige vrouwen blijven last houden van de gevolgen van de behandeling. Bijvoorbeeld vermoeidheid, lymfoedeem of een stijve schouder. Lees verder over klachten na borstkanker .","Overgewicht, roken en alcohol maken het risico groter om borstkanker te krijgen. Lees verder over de oorzaken en risicofactoren van borstkanker .","Bij borstkanker zijn verschillende behandelingen mogelijk. Bijvoorbeeld een operatie, bestraling of chemotherapie. Vaak stelt de arts een combinatie van behandelingen voor. Welke behandeling(en) de arts voorstelt, hangt onder andere af van de soort borstkanker en het stadium van de ziekte. Lees verder over behandelingen bij borstkanker ."
Borstkanker bij mannen,https://www.kanker.nl/kankersoorten/borstkanker-bij-mannen/algemeen/wat-is-borstkanker-bij-mannen,"Borstkanker bij mannen ontstaat in de borst, bij de linker- of rechtertepel of op beide plekken. Borstkanker heet ook wel mammacarcinoom. Borstkanker komt bij mannen niet vaak voor. De behandeling is bijna hetzelfde als bij vrouwen.","Begrijpelijk dat je meer wilt weten over je vooruitzichten. Is borstkanker goed te behandelen en wat kun je verwachten? Soms is daar iets over te zeggen, maar soms ook niet. De prognose van borstkanker hangt af van verschillende dingen. Bijvoorbeeld van de soort borstkanker die je hebt en het stadium van de ziekte bij diagnose. Wil je weten waar je aan toe bent? Vraag het je arts. Die kan misschien meer vertellen. Bekijk ook de overlevingscijfers van borstkanker bij mannen .  ",Soms kun je een verandering in je borst voelen of zien. Bijvoorbeeld een knobbeltje of verandering aan je tepel. Lees verder over symptomen van borstkanker bij mannen . ,"Overgewicht, roken en alcohol maken het risico groter om borstkanker te krijgen. Borstkanker bij mannen kan ook ontstaan door erfelijke aanleg. Lees meer over de risicofactoren van borstkanker bij mannen . ","Bij borstkanker zijn verschillende behandelingen mogelijk. Bijvoorbeeld een operatie, bestraling of chemotherapie. Vaak stelt de arts een combinatie van behandelingen voor. Welke behandeling(en) de arts voorstelt, hangt onder andere af van de soort borstkanker en het stadium van de ziekte. Lees verder over behandelingen bij borstkanker ."
Botkanker (botsarcoom),https://www.kanker.nl/kankersoorten/botkanker-botsarcoom/algemeen/wat-is-botkanker-botsarcoom,Botkanker een zeldzame soort kanker. De kanker ontstaat in een bot. Dat kan in elk bot zijn. Een andere naam voor botkanker is botsarcoom.,"Veel mensen die net te horen hebben gekregen dat ze kanker hebben, willen iets weten over hun vooruitzichten. Wat staat er te gebeuren en hoe lang heb ik nog te leven? Soms is daar iets over te zeggen, maar vaak ook niet. Jouw kans om van botkanker te genezen of om lang zonder veel klachten te leven,  hangt af van verschillende dingen. Bijvoorbeeld van de soort botkanker , hoe groot de tumor is, of er uitzaaiingen zijn en of de behandeling goed aanslaat. Wil je weten waar je aan toe bent? Vraag het aan je arts. Die kan misschien meer vertellen.","Van botkanker heb je in het begin niet zoveel klachten. Als de tumor groter wordt, kun je klachten krijgen. Bijvoorbeeld pijn aan een bot of gewricht. Lees verder over de symptomen bij botkanker .","Iedereen kan botkanker krijgen. Bij sommige soorten botkanker zijn er risicofactoren waardoor de kans dat je kanker krijgt, groter is. Bijvoorbeeld door de aandoening Li-frauminisyndroom (LFS) .","Veel mensen met botkanker krijgen een operatie. De chirurg verwijdert dan de tumor uit het bot. Je krijgt soms voor of na de operatie bestraling of chemotherapie. Welke behandeling je precies krijgt, hoor je van je arts. Dat ligt aan de soort botkanker , hoe groot de tumor is en of er uitzaaiingen zijn. Lees verder over de behandeling van botkanker ."
Buikvlieskanker,https://www.kanker.nl/kankersoorten/buikvlieskanker/algemeen/wat-is-buikvlieskanker,Bij buikvlieskanker zitten er kankercellen op het buikvlies. Vaak zijn dit uitzaaiingen van kanker op een andere plek in je lichaam. Soms gaat het om pseudomyxoma peritonei of mesothelioom.,N/A,N/A,N/A,N/A
Darmkanker (dikkedarmkanker),https://www.kanker.nl/kankersoorten/darmkanker-dikkedarmkanker/algemeen/wat-is-darmkanker-dikkedarmkanker,"Darmkanker is kanker die in de darmen is ontstaan. Meestal zit darmkanker in de dikke darm. Het heet dan dikkedarmkanker of coloncarcinoom, maar mensen noemen het vaak darmkanker.",De prognose van darmkanker verschilt per persoon. Het maakt ook uit hoe ernstig de ziekte is: hoe groot de tumor is en of er uitzaaiingen zijn. Gemiddeld leven tien jaar na de diagnose dikkedarmkanker nog ongeveer 60 van de 100 mensen. Stel je vragen over je vooruitzichten aan je arts. Bekijk de overlevingscijfers van darmkanker .,"Als je een tumor in je darmen hebt, kan dat allerlei klachten geven. Een van de symptomen van darmkanker is bloed of slijm bij je ontlasting. Ook kun je last krijgen van verstopping door een tumor in de darm. Soms heb je helemaal geen klachten, maar wordt darmkanker ontdekt door het bevolkingsonderzoek of een ander onderzoek. De meest voorkomende klachten bij darmkanker: bloed en/of slijm in je ontlasting een verandering in je ontlasting die niet overgaat het gevoel dat je moet poepen, ook al moet je niet, of het gevoel dat de darm niet helemaal leeg is na het poepen afvallen zonder reden vermoeidheid die niet overgaat (vaak door bloedarmoede) minder zin in eten buikpijn of buikkramp Herken je de symptomen? Maak dan een afspraak bij de huisarts. Als je geen doorverwijzing krijgt, ga opnieuw naar je huisarts als de klachten aanhouden of terugkomen. Ga ook naar de huisarts als er darmkanker in de familie zit. Je kunt met hem of haar bespreken of je een erfelijkheidstest kunt krijgen. Of dat het misschien nodig is dat je een darmonderzoek krijgt. Let op: heb je bloed in je ontlasting? Dan is het altijd verstandig om een afspraak te maken met je huisarts. Bekijk de uitgebreide informatie over de symptomen van darmkanker .","Er is niet één oorzaak van darmkanker. Vaak ontstaat darmkanker uit een poliep in de darmwand . Wel zijn er factoren die de kans op darmkanker kunnen vergroten, zoals erfelijke aanleg voor darmkanker, chronische darmontsteking, veel darmpoliepen en/of een ongezonde leefstijl. Bekijk de uitgebreide informatie over risicofactoren van darmkanker .","Voor darmkanker zijn er verschillende behandelingen. De meeste mensen krijgen een operatie. Maar ook kan de arts chemotherapie voorstellen. Je krijgt soms meerdere behandelingen. Welke behandeling voor jou het meest geschikt is, hoor je van je arts. Bekijk de uitgebreide informatie over de behandeling van darmkanker ."
Dunnedarmkanker,https://www.kanker.nl/kankersoorten/dunnedarmkanker/algemeen/wat-is-dunnedarmkanker,"Dunnedarmkanker is kanker die in de dunne darm ontstaat. Dunnedarmkanker komt niet vaak voor. Omdat dunnedarmkanker vaak pas laat ontdekt wordt, zijn de vooruitzichten meestal niet goed.",N/A,N/A,N/A,N/A
Eierstokkanker,https://www.kanker.nl/kankersoorten/eierstokkanker/algemeen/wat-is-eierstokkanker,Eierstokkanker ontstaat meestal in een eileider. Vandaaruit verspreidt de kanker zich naar de buikholte en de eierstokken. Het medische woord voor kanker op een eierstok is ovariumcarcinoom. Eierstokkanker wordt vaak pas laat ontdekt.,"Het is begrijpelijk dat je meer wilt weten over je vooruitzichten. Is eierstokkanker goed te behandelen en wat kun je verwachten? Soms is daar iets over te zeggen, maar soms ook niet. Dat hangt af van verschillende dingen. Bijvoorbeeld of er uitzaaiingen zijn en hoe snel de kankercellen groeien en zich delen. Wil je weten waar je aan toe bent? Vraag het je arts. Die kan misschien meer vertellen. Bekijk de overlevingscijfers van eierstokkanker .",Van eierstokkanker heb je in het begin geen klachten. Vaak zaait de ziekte snel uit naar de buik. Dan krijg je meestal wel klachten. De symptomen zijn dan: buikpijn een dikkere buik een vol gevoel Lees verder over de symptomen van eierstokkanker .,Eierstokkanker ontstaat waarschijnlijk in de eileider. Er zijn factoren die het risico op eierstokkanker groter maken. Zoals veel eisprongen hebben in je leven. Ongeveer 1 op de 10 vrouwen krijgt de ziekte door een erfelijke aanleg. Lees meer over de oorzaken en risicofactoren van eierstokkanker .,De behandeling van eierstokkanker bestaat meestal uit een operatie en chemotherapie. Soms krijg je ook nog doelgerichte therapie. Lees verder over behandelingen bij eierstokkanker .
Endeldarmkanker,https://www.kanker.nl/kankersoorten/endeldarmkanker/algemeen/wat-is-endeldarmkanker,Endeldarmkanker is kanker die in de endeldarm ontstaat. De endeldarm is het laatste stuk van de dikke darm. De medische naam voor endeldarmkanker is rectumcarcinoom.,De prognose van endeldarmkanker verschilt per persoon. Het maakt ook uit hoe ernstig de ziekte is: hoe groot de tumor is en of er uitzaaiingen zijn. Gemiddeld leven tien jaar na de diagnose endeldarmkanker nog ongeveer 59 van de 100 mensen. Stel je vragen over je vooruitzichten aan je arts. Bekijk de overlevingscijfers van endeldarmkanker . ,"Als je een tumor in je endeldarm hebt, kan dat allerlei klachten geven. Een van de symptomen van endeldarmkanker is bloed of slijm bij je ontlasting. Ook kun je last krijgen van verstopping door een tumor in de darm. Bekijk de uitgebreide informatie over de symptomen van endeldarmkanker . ","Er is niet één oorzaak van endeldarmkanker. Vaak ontstaat de kanker uit een poliep in de darmwand . Wel zijn er factoren die de kans op endeldarmkanker kunnen vergroten, zoals erfelijke aanleg voor darmkanker, chronische darmontsteking, veel darmpoliepen en/of een ongezonde leefstijl. Bekijk de uitgebreide informatie over risicofactoren voor endeldarmkanker . ","Voor endeldarmkanker zijn er verschillende behandelingen. De meeste mensen krijgen een operatie. Ook kan bestraling of chemoradiatie een mogelijke behandeling zijn. Je krijgt soms meerdere behandelingen. Welke behandeling voor jou het meest geschikt is, hoor je van je arts. Bekijk de uitgebreide informatie over de behandelingen bij endeldarmkanker . Bij de behandeling van endeldarmkanker maakt het uit of de tumor alleen in de darm zit, is doorgegroeid of is uitgezaaid. Bekijk de mogelijke behandelingen per stadium . "
Galblaaskanker,https://www.kanker.nl/kankersoorten/galblaaskanker/algemeen/wat-is-galblaaskanker,Galblaaskanker is kanker die ontstaat in de galblaas. Galblaaskanker komt weinig voor. Per jaar krijgen minder dan 200 mensen de diagnose. Een ander woord voor galblaaskanker is galblaascarcinoom.,"Veel mensen gaan op zoek naar wat galblaaskanker betekent voor hun vooruitzichten. Is deze kanker goed te behandelen en wat kan ik verwachten? Soms is daar iets over te zeggen, maar soms ook niet. Bij galblaaskanker zijn je vooruitzichten meestal niet goed. Wil je weten waar je aan toe bent? Vraag het aan je arts. Die kan misschien meer vertellen. Bekijk de overlevingscijfers van galblaaskanker .","Galblaaskanker geeft in het begin meestal geen klachten. De klachten ontstaan vaak als de tumor groeit en de galwegen dichtdrukt. Dan kun je symptomen krijgen van geelzucht, zoals een gele huid, geel oogwit en jeuk. Bij galblaaskanker kun je ook last krijgen van pijn onder je ribbenboog. Lees verder over symptomen bij galblaaskanker .","Meestal is het niet duidelijk waarom galblaaskanker ontstaat. Er zijn wel risicofactoren die de kans op galblaaskanker groter maken. Bijvoorbeeld als je galstenen hebt, of een galblaasontsteking hebt gehad. Lees verder over de oorzaken en risicofactoren van galblaaskanker .",De meeste mensen met galblaaskanker krijgen chemotherapie of een andere behandeling tegen de klachten van de kanker. Soms krijg je een operatie. Dat kan meestal alleen als de tumor niet in andere organen is gegroeid. En als je geen uitzaaiingen hebt. Lees verder over behandelingen van galblaaskanker .
Galwegkanker,https://www.kanker.nl/kankersoorten/galwegkanker/algemeen/wat-is-galwegkanker,Galwegkanker is kanker die ontstaat in de galwegen. De galwegen zitten in de bovenbuik. Galwegkanker komt weinig voor. Galwegkanker heet ook wel cholangiocarcinoom.,"Veel mensen gaan op zoek naar wat galwegkanker betekent voor hun vooruitzichten. Is deze kanker goed te behandelen en wat kan ik verwachten? Soms is daar iets over te zeggen, maar soms ook niet. Bij galwegkanker hangen je vooruitzichten af van het stadium van de ziekte . Wil je weten waar je aan toe bent? Vraag het aan je arts of verpleegkundig specialist. Die kan misschien meer vertellen. Bekijk de overlevingscijfers van galwegkanker .","Galwegkanker geeft in het begin meestal geen klachten. De klachten ontstaan vaak als de tumor groeit en de galwegen hierdoor verstopt raken. Dan kun je last krijgen van misselijkheid, jeuk en geelzucht, zoals een gele huid en geel oogwit. Lees verder over symptomen bij galwegkanker .",Meestal is niet duidelijk waarom galwegkanker ontstaat. Er zijn wel risicofactoren die de kans op galwegkanker groter maken. Lees verder over de oorzaken en risicofactoren van galwegkanker .,De behandeling van galwegkanker verschilt per persoon. Veel mensen krijgen chemotherapie of een andere behandeling tegen de klachten van de kanker. Soms krijg je een operatie. Dat kan meestal alleen als je geen uitzaaiingen hebt. En als de tumor niet doorgroeit in je grote bloedvaten. Lees verder over behandelingen van galwegkanker .
Gastro-intestinale stromale tumor,https://www.kanker.nl/kankersoorten/gastro-intestinale-stromale-tumor/algemeen/wat-is-gastro-intestinale-stromale-tumor,Een gastro-intestinale stromale tumor (GIST) is een vorm van kanker in de maag of de darmen. De tumor ontstaat in het bindweefsel dat om de organen heen zit. Daarom is het een andere soort kanker dan bijvoorbeeld maagkanker. Een GIST is zeldzaam.,"Veel mensen die net gehoord hebben dat ze kanker hebben, willen iets weten over hun vooruitzichten. Wat staat er te gebeuren en hoe lang heb ik nog te leven? Soms is daar iets over te zeggen, maar soms ook niet. De prognose hangt af van verschillende dingen. Bijvoorbeeld van hoe groot de tumor is, of er uitzaaiingen zijn en of de behandeling goed aanslaat. Wil je weten waar je aan toe bent? Vraag het aan je arts. Die kan je misschien meer vertellen. ",Het is vaak lastig om een GIST zelf te ontdekken. De klachten zijn meestal niet zo duidelijk. Symptomen van een GIST zijn bijvoorbeeld buikpijn of andere buikklachten. Of zwarte ontlasting en bloedarmoede. Bij dit soort klachten denkt de arts misschien eerst aan andere ziektes. Soms wordt een GIST toevallig ontdekt. Lees verder over de symptomen van een GIST . ,Er zijn geen risicofactoren bekend voor een GIST. Een GIST ontstaat meestal door een bepaalde fout in het DNA. Je hebt geen invloed op het wel of niet ontstaan van deze fout. Ook is deze fout bijna nooit erfelijk. Lees verder over oorzaken en risicofactoren van een GIST . ,"De meeste mensen met een GIST krijgen een operatie, samen met doelgerichte therapie. Lees verder over behandelingen bij een GIST . "
Hartkanker,https://www.kanker.nl/kankersoorten/hartkanker/algemeen/wat-is-hartkanker,Hartkanker is kanker die in het hart ontstaat. Hartkanker is heel zeldzaam. Ook uitzaaiingen van een andere soort kanker naar het hart komen heel weinig voor.,Er is erg weinig bekend over hartkanker. En over hoelang je kunt leven met een tumor in het hart. Wil je weten waar je aan toe bent? Vraag het aan je arts. Die kan misschien meer vertellen.,"De klachten bij hartkanker zijn heel wisselend. Welke klachten je krijgt, hangt af van de plek waar de tumor zit. Symptomen van hartkanker zijn onder andere: pijn op de borst kortademigheid hartkloppingen vermoeidheid misselijkheid of overgeven Goed om te weten: de kans dat je hartkanker hebt, is heel klein. Meestal hebben deze klachten een andere oorzaak.",N/A,"Als je hartkanker hebt, bespreekt de cardioloog met je wat in jouw situatie de beste behandeling is. Meestal is dat een operatie. Je kunt alleen een operatie krijgen als er nog voldoende van je hart overblijft om te kunnen blijven pompen. Daarom krijg je soms eerst chemotherapie en/of bestraling om de tumor kleiner te maken."
Hersentumoren,https://www.kanker.nl/kankersoorten/hersentumoren/algemeen/wat-is-hersentumoren,Een tumor in de hersenen kan ook een uitzaaiing zijn van kanker ergens anders in het lichaam. Er isaparte informatie over hersenuitzaaiingen.,"Begrijpelijk dat je wilt weten wat een hersentumor betekent voor je vooruitzichten. Is de tumor goed te behandelen en wat kan je verwachten? Soms is daar iets over te zeggen, maar soms ook niet. De prognose van een hersentumor hangt af van verschillende dingen: de soort hersentumor die je hebt de plek van de hersentumor binnen de hersenen de tumorgraad: de snelheid waarmee tumorcellen groeien en zich delen de kenmerken van de tumor: veranderingen in het DNA van de tumor. Je arts kan je hier meer over vertellen.","Als je een hersentumor hebt, kun je verschillende klachten krijgen. Symptomen die veel voorkomen: hoofdpijn die niet overgaat, problemen met denken, veranderingen in persoonlijkheid en gedrag, uitvalsverschijnselen en epileptische aanvallen. Niet iedereen met een hersentumor heeft dezelfde symptomen. Welke klachten iemand heeft, hangt af van: de grootte van de tumor de groeisnelheid de plaats van de tumor Lees verder over de symptomen van een hersentumor .",N/A,"Welke behandeling je krijgt, hoor je van je arts. Dat ligt onder andere aan de soort, de grootte en de plek van de hersentumor. Maar ook aan de graad en de kenmerken van de tumor . Als het kan, probeert de chirurg de tumor zo goed mogelijk weg te halen met een operatie. Chemotherapie en bestraling kunnen ook behandelingen zijn bij een hersentumor. Lees verder over de behandeling van een hersentumor ."
Hodgkinlymfoom,https://www.kanker.nl/kankersoorten/hodgkinlymfoom/algemeen/wat-is-hodgkinlymfoom,Hodgkinlymfoom is een vorm van lymfeklierkanker. De kanker ontstaat in een lymfeklier of in lymfeweefsel. Vanuit daar kunnen de kankercellen zich verspreiden door het lichaam. Hodgkinlymfoom heet ook wel de ziekte van Hodgkin.,"Als je weet dat je hodgkinlymfoom hebt, heb je misschien vragen over je vooruitzichten. Is hodgkinlymfoom goed te behandelen en wat zijn de verwachtingen? Soms is daar iets over te zeggen, maar soms ook niet. De prognose van hodgkinlymfoom hangt af van verschillende dingen. Bijvoorbeeld of de kanker gevoelig is voor de medicijnen. De meeste mensen met hodgkinlymfoom genezen na een behandeling. Wil je weten waar je aan toe bent? Vraag het aan je arts. Die kan misschien meer vertellen. Of bekijk de overlevingscijfers van hodgkinlymfoom .","Soms voel je een lymfeklier die groter is dan normaal en merk je zo een hodgkinlymfoom op. Bijvoorbeeld als het lymfoom in je hals zit, in je oksel of in je lies. Maar dat hoeft niet: er zitten ook lymfeklieren dieper in je lichaam, die je niet voelt als ze opgezet zijn. Je kunt ook andere klachten hebben door een hodgkinlymfoom. Lees verder over de symptomen van hodgkinlymfoom .",Meestal is er geen duidelijke oorzaak van hodgkinlymfoom. Hodgkinlymfoom is ook niet erfelijk.,"Er zijn verschillende behandelingen mogelijk bij een hodgkinlymfoom. De meeste mensen krijgen chemotherapie, soms gecombineerd met bestraling of immunotherapie. Lees verder over de behandeling van hodgkinlymfoom ."
Hoge urinewegkanker,https://www.kanker.nl/kankersoorten/hoge-urinewegkanker/algemeen/wat-is-hoge-urinewegkanker,Hoge urinewegkanker is kanker die ontstaat in 1 of allebei de urineleiders of nierbekkens. Deze soort kanker komt heel weinig voor.,"Begrijpelijk dat je op zoek gaat naar wat kanker betekent voor je vooruitzichten. Is het goed te behandelen? En wat kun je verwachten voor de toekomst? Soms is daar iets over te zeggen, maar soms ook niet. De prognose van hoge urinewegkanker hangt af van verschillende dingen. Bijvoorbeeld van hoe groot de tumor is. En of er uitzaaiingen zijn. Wil je weten waar je aan toe bent? Vraag het aan je arts. Die kan misschien meer vertellen. Bekijk de cijfers over hoge urinewegkanker .",Hoge urinewegkanker en de behandeling ervan kunnen invloed hebben op je leven. Sommige mensen blijven last houden van de gevolgen van de behandeling. Bijvoorbeeld van vermoeidheid.,Mensen die roken hebben meer kans op hoge urinewegkanker. Er zijn ook chemische stoffen waar sommige mensen mee gewerkt hebben die de kans op hoge urinewegkanker groter maken. Soms is hoge urinewegkanker erfelijk. Dat betekent dat de kans om deze soort kanker te krijgen in jouw familie groter is. Lees verder over de oorzaken en risicofactoren van hoge urinewegkanker .,"Zijn er nog geen uitzaaiingen, dan krijgen de meeste mensen een operatie. Is de kanker wel uitgezaaid, dan kan immunotherapie of chemotherapie een behandeling zijn. Lees verder over behandelingen bij hoge urinewegkanker ."
Hoofd-halskanker,https://www.kanker.nl/kankersoorten/hoofd-halskanker/algemeen/wat-is-hoofd-halskanker,"Hoofd-halskanker is een verzamelnaam van verschillende soorten kanker in het gezicht of in de hals. Zoals keelkanker, mondkanker, strottenhoofdkanker of neuskanker.",N/A,N/A,N/A,N/A
Huidkanker,https://www.kanker.nl/kankersoorten/huidkanker/algemeen/wat-is-huidkanker,"Een vlekje, plekje of knobbeltje op je huid dat er anders uitziet dan normaal. Is het onschuldig of is het huidkanker? Lees hoe je huidkanker kunt herkennen en welke soorten huidkanker er zijn.",De vooruitzichten bij huidkanker zijn goed. Bijna alle mensen met een basaalcelcarcinoom worden weer beter. Tien jaar na de diagnose zijn 9 van de 10 mensen met een melanoom of een plaveiselcelcarcinoom nog in leven.,N/A,N/A,"Welke behandeling je krijgt, ligt aan de soort huidkanker die je hebt. Als het kan, verwijdert de arts de huidkanker door het plekje helemaal weg te snijden. Andere behandelingen die je kunt krijgen zijn bijvoorbeeld bestraling of een behandeling met een crème of tabletten. Lees meer over de behandeling van basaalcelcarcinoom . Lees meer over de behandeling van plaveiselcelcarcinoom . Lees meer over de behandeling van melanoom ."
Huidlymfoom,https://www.kanker.nl/kankersoorten/huidlymfoom/algemeen/wat-is-huidlymfoom,Een huidlymfoom kan overal op je lichaam voorkomen. Een ander woord voor huidlymfoom is cutaan lymfoom. Cutaan betekent huid.,"De vooruitzichten bij een huidlymfoom hangen vooral af van het soort huidlymfoom. De meeste mensen hebben een langzaam groeiend huidlymfoom. Dan heb je goede vooruitzichten. Je kunt er meestal niet van genezen, maar veel mensen met een langzaam groeiend huidlymfoom kunnen daar oud mee worden. Bij een snel groeiend huidlymfoom zijn je vooruitzichten meestal slechter. Het is lastig om algemene informatie te geven over jouw situatie. De vooruitzichten hangen ook af van je persoonlijke omstandigheden. Heb je vragen? Stel ze dan aan je arts.",N/A,"Een huidlymfoom ontstaat als de lymfocyten, een bepaald soort witte bloedcellen in je huid ongeremd gaan delen en groeien. Meestal komt het dat door een afwijking in het DNA. Soms speelt een infectie mee bij het ontstaan van huidlymfoom. Lees verder over de oorzaken en risicofactoren van huidlymfoom .","Er zijn verschillende behandelingen voor huidlymfoom. Welke behandeling je krijgt, verschilt per soort huidlymfoom. Vaak krijg je eerst een hormoonzalf. Lees verder over de behandeling per soort huidlymfoom . Weet je niet welk soort huidlymfoom je hebt? Bekijk dan alle behandelingen van huidlymfoom ."
Kanker bij kinderen,https://www.kanker.nl/kankersoorten/kanker-bij-kinderen/algemeen/wat-is-kanker-bij-kinderen,"Kanker komt ook voor bij kinderen. Kinderkanker is niet een soort kanker, maar een verzamelnaam voor de verschillende kankersoorten bij kinderen. Elk jaar krijgen zo’n 600 kinderen een vorm van kanker. De meeste kinderen genezen van kanker.",N/A,N/A,N/A,N/A
Keelkanker,https://www.kanker.nl/kankersoorten/keelkanker/algemeen/wat-is-keelkanker,Keelkanker is kanker die in de keel ontstaat. Het medische woord is farynxcarcinoom. Farynx betekent keel. Keelkanker komt weinig voor. Per jaar krijgen ongeveer 1000 mensen de diagnose. Dat zijn vooral mannen.,"Het is begrijpelijk dat je meer wilt weten over je vooruitzichten. Is keelkanker goed te behandelen en wat kun je verwachten? Soms is daar iets over te zeggen, maar soms ook niet. De prognose van keelkanker hangt af van verschillende dingen. Bijvoorbeeld hoe vroeg de ziekte is ontdekt en wat de oorzaak van de kanker is. Wil je weten waar je aan toe bent? Vraag het je arts. Die kan misschien meer vertellen. Of bekijk de overlevingscijfers van keelkanker .",Veel mensen met keelkanker hebben in het begin geen klachten. Of wat vage klachten zoals keelpijn en moeite met slikken. Of een verstopte neus. Lees verder over de symptomen bij keelkanker .,"Er zijn factoren die het risico op keelkanker groter maken. Zoals roken, alcohol drinken en een besmetting met het humaan papillomavirus (HPV). Lees verder over de oorzaken en risicofactoren bij keelkanker . ",Je kunt verschillende behandelingen krijgen bij keelkanker. De meeste mensen krijgen bestraling. Maar ook chemoradiatie of een operatie kan een behandeling zijn. Lees verder over behandelingen bij keelkanker .
Leukemie,https://www.kanker.nl/kankersoorten/leukemie/algemeen/wat-is-leukemie,Leukemie is kanker van de witte bloedcellen. Het is een verzamelnaam van veel verschillende soorten leukemie. De belangrijkste tweedeling is acute leukemie en chronische leukemie.,De overlevingskansen van leukemie zijn heel verschillend. Ze hangen af van de precieze soort leukemie. Over het algemeen is de prognose van chronische leukemie beter dan de prognose van acute leukemie. Lees verder over de vooruitzichten bij leukemie . ,"Bij leukemie gaat er iets mis in het beenmerg bij de aanmaak van bloedcellen. De verschillende soorten bloedcellen zijn nodig voor de bloedstolling, je afweer en het transport van zuurstof naar de cellen. Bij leukemie kunnen verschillende symptomen ontstaan: meer kans op bloedingen blauwe plekken grotere kans op infecties vermoeidheid door bloedarmoede Welke symptomen je kunt krijgen, ligt vooral aan de soort leukemie. Lees verder over de symptomen van leukemie . ","Dat er een fout in het DNA van de stamcellen ontstaat, is meestal toeval. De fouten zijn niet erfelijk, maar in sommige families komt vaker leukemie voor dan gemiddeld. Als je eerder bestraling of chemotherapie hebt gehad, kan de kans op leukemie groter worden. Ook door bepaalde toxische stoffen of radioactieve straling. Leukemie is net als alle andere kankersoorten niet besmettelijk. ","Er zijn veel behandelingen mogelijk bij leukemie. Welke behandeling je krijgt, hangt heel sterk af van de soort leukemie die je hebt. Soms moet de behandeling acuut gestart worden en soms is nog lange tijd geen behandeling nodig. Je conditie en fitheid zijn vaak ook belangrijk bij het kiezen van een behandeling, zeker bij acute leukemie. Lees verder over de behandelingen bij leukemie ."
Leverkanker,https://www.kanker.nl/kankersoorten/leverkanker/algemeen/wat-is-leverkanker,"Leverkanker is kanker die in de lever ontstaat. Leverkanker ontstaat meestal als de lever erg beschadigd is geraakt, bijvoorbeeld door een chronische leverziekte.","Veel mensen gaan op zoek naar wat kanker betekent voor hun vooruitzichten. Is deze kanker goed te behandelen en wat kan ik verwachten? Soms is daar iets over te zeggen, maar soms ook niet. De prognose van leverkanker hangt af van verschillende dingen. Bijvoorbeeld van de grootte van de tumor en of er uitzaaiingen zijn. Ook de conditie van je lever speelt een rol. Wil je weten waar je aan toe bent? Vraag het aan je arts. Die kan misschien meer vertellen. Bekijk de overlevingscijfers van leverkanker .","Van leverkanker merk je vaak lange tijd niets. Daarom wordt leverkanker vaak pas laat ontdekt. Klachten die vaak voorkomen bij leverkanker zijn buikpijn, minder eetlust, afvallen, misselijkheid of geelzucht. Maar je kunt ook andere klachten hebben. Lees verder over de symptomen van leverkanker .",Leverkanker ontstaat meestal als de lever erg beschadigd is. Ongeveer 8 op de 10 mensen met leverkanker heeft ook levercirrose; dat is ernstige leverschade. Lees verder over de oorzaken en risicofactoren van leverkanker .,"Bij leverkanker zijn verschillende behandelingen mogelijk. De meeste mensen met leverkanker krijgen een behandeling om de ziekte te remmen en klachten te verminderen, zoals TACE, doelgerichte therapie of TARE. Een leveroperatie kan soms ook een behandeling zijn. Lees verder over de behandeling van leverkanker ."
Lipkanker,https://www.kanker.nl/kankersoorten/lipkanker/algemeen/wat-is-lipkanker,Bij lipkanker zit er een kwaadaardige tumor op je lip. Een kwaadaardige tumor betekent kanker. Lipkanker zit bijna altijd op je onderlip. Het is een vorm van hoofd-halskanker.,N/A,"Lipkanker begint vaak als een klein, onrustig plekje op je onderlip. Dat kan eruit zien als een wit of rood bultje. Of als een blaar, zweertje, kloof of korstje dat maar niet geneest. Lees meer over hoe je lipkanker kunt herkennen .","De belangrijkste oorzaken van lipkanker zijn veel zonlicht, roken en alcohol drinken. Lees verder over de risicofactoren van lipkanker .",Bij lipkanker kun je verschillende behandelingen krijgen. Bij een kleine tumor stelt de arts meestal een operatie voor. Mensen met een grotere tumor op de lip krijgen vaker een behandeling met inwendige of uitwendige bestraling. Bekijk de uitgebreide informatie over de behandeling van lipkanker .
Longkanker,https://www.kanker.nl/kankersoorten/longkanker/algemeen/wat-is-longkanker,Longkanker is kanker die ontstaat in je longen. Het kan in 1 long zitten of in allebei je longen. De belangrijkste soorten longkanker zijn: niet-kleincellige longkanker en kleincellige longkanker. Het medische woord voor longkanker is longcarcinoom. Jaarlijks krijgen ongeveer 14.500 mensen de diagnose longkanker.,De prognose van longkanker hangt af van verschillende dingen. Bijvoorbeeld wat voor soort longkanker je hebt. En of het is uitgezaaid. Wil je weten waar je aan toe bent? Vraag het je arts. Die kan misschien meer vertellen. Bekijk de overlevingscijfers van niet-kleincellige longkanker . Bekijk de overlevingscijfers van kleincellige longkanker .,N/A,N/A,"Je kunt verschillende behandelingen krijgen bij longkanker. Bijvoorbeeld een operatie, bestraling, chemoradiatie, immunotherapie of doelgerichte therapie. Lees verder over behandelingen bij longkanker ."
Luchtpijpkanker,https://www.kanker.nl/kankersoorten/luchtpijpkanker/algemeen/wat-is-luchtpijpkanker,Luchtpijpkanker is kanker die ontstaat in je luchtpijp. Heel weinig mensen krijgen deze soort kanker. Het medische woord voor luchtpijpkanker is tracheacarcinoom.,"Begrijpelijk dat je meer wilt weten over je vooruitzichten. Is luchtpijpkanker goed te behandelen en wat kun je verwachten? Soms is daar iets over te zeggen, maar soms ook niet. De prognose van luchtpijpkanker hangt af van verschillende dingen. Bijvoorbeeld wat voor soort luchtpijpkanker je hebt. En of het is uitgezaaid. Wil je weten waar je aan toe bent? Vraag het je arts. Die kan misschien meer vertellen.","Luchtpijpkanker en de behandeling kunnen invloed hebben op je leven. Sommige mensen blijven last houden van de gevolgen van de behandeling. Bijvoorbeeld kortademigheid, pijn of moe zijn. Lees verder over klachten na luchtpijpkanker .",We weten niet altijd wat de oorzaak is van luchtpijpkanker. Je loopt meer risico op een plaveiselcelcarcinoom in je luchtpijp als je rookt of hebt gerookt.,"Je kunt verschillende behandelingen krijgen bij luchtpijpkanker. Bijvoorbeeld een operatie, bestraling, chemoradiatie en chemotherapie. Lees verder over behandelingen bij luchtpijpkanker ."
Lymfeklierkanker,https://www.kanker.nl/kankersoorten/lymfeklierkanker/algemeen/wat-is-lymfeklierkanker,Lymfeklierkanker ontstaat in een lymfeklier of in lymfeweefsel. Vanuit daar kunnen de kankercellen zich verspreiden door het lichaam. Lymfeklierkanker wordt onderverdeeld in hodgkin en non-hodgkin.,N/A,N/A,N/A,N/A
Maagkanker,https://www.kanker.nl/kankersoorten/maagkanker/algemeen/wat-is-maagkanker,Maagkanker is kanker die in de maag ontstaat. De medische term is maagcarcinoom. Maagkanker wordt meestal pas laat ontdekt. Vaak zijn er dan al uitzaaiingen.,"Begrijpelijk dat je op zoek gaat naar wat maagkanker betekent voor je vooruitzichten. Is deze kanker goed te behandelen? En wat kun je verwachten? Soms is daar iets over te zeggen, maar soms ook niet. De prognose van maagkanker hangt af van verschillende dingen. Bijvoorbeeld van de soort maagkanker die je hebt, en hoe ver de ziekte is uitgebreid. Wil je weten waar je aan toe bent? Vraag het aan je arts. Die kan misschien meer vertellen. Bekijk de overlevingscijfers van maagkanker . Zit de tumor in het gebied waar de slokdarm overgaat in de maag, of daar dichtbij, dan heet het cardiakanker . Bekijk de overlevingscijfers van cardiakanker .","In het begin heb je van maagkanker meestal weinig of geen klachten. Als de tumor in je maagwand groeit, of daar doorheen, dan kun je wel klachten krijgen. Zoals (stekende) pijn boven in je buik of rond je borstbeen. Je kunt ook afvallen, misselijk zijn en/of braken. Lees verder over de symptomen van maagkanker .","Er zijn risicofactoren die de kans op maagkanker groter maken: een langdurige infectie met de Helicobacter pylori bacterie en een ongezonde leefstijl, bijvoorbeeld. Lees verder over de oorzaken en risicofactoren van maagkanker .","Er zijn verschillende behandelingen bij maagkanker. Vaak stelt de arts een combinatie van behandelingen voor. Welke behandeling de arts voorstelt, hangt onder andere af van de soort maagkanker en hoe uitgebreid de ziekte is: het stadium. Je kunt bijvoorbeeld een operatie krijgen, of chemotherapie, of bestraling. Lees verder over behandelingen van maagkanker ."
Melanoom,https://www.kanker.nl/kankersoorten/melanoom/algemeen/wat-is-melanoom,Een melanoom is een vorm van huidkanker. Die kan uitzaaien naar andere plekken in je lichaam. Je herkent een melanoom aan een vlekje op je huid dat snel groeit. Of een moedervlek die verandert.,"Begrijpelijk dat je meer wilt weten over je vooruitzichten. Is een melanoom goed te behandelen en wat kun je verwachten? Soms is daar iets over te zeggen, maar soms ook niet. De prognose hangt af van verschillende dingen. Bijvoorbeeld hoe dik het melanoom is. En of het melanoom is uitgezaaid. Wil je weten waar je aan toe bent? Vraag het je arts. Die kan misschien meer vertellen. Of bekijk de overlevingscijfers van melanoom .","Een melanoom en de behandeling kunnen invloed hebben op je leven. Sommige mensen blijven last houden van de gevolgen van de behandeling. Bijvoorbeeld van het litteken na de operatie, lymfoedeem of vermoeidheid. Lees verder over klachten na een melanoom .","Er zijn factoren die het risico op een melanoom groter maken. Zoals verbranding door de zon als je jong bent, een lichte huid of een erfelijke aanleg. Lees verder over de oorzaken en risicofactoren bij een melanoom .",Je kunt verschillende behandelingen krijgen bij een melanoom. Meestal krijg je een operatie. Soms krijg je een behandeling met medicijnen (immunotherapie of doelgerichte therapie) of bestraling. Lees verder over behandelingen bij een melanoom .
Merkelcelcarcinoom,https://www.kanker.nl/kankersoorten/merkelcelcarcinoom/algemeen/wat-is-merkelcelcarcinoom,Een merkelcelcarcinoom is kanker die in de huid ontstaat. Vaak groeit deze soort kanker snel. En zaait de kanker ook snel uit. Merkelcelcarcinoom komt weinig voor.,"Begrijpelijk dat je op zoek gaat naar wat merkelcelcarcinoom betekent voor je vooruitzichten. Is het goed te behandelen? En wat kan je verwachten? Soms is daar iets over te zeggen, maar soms ook niet. De prognose van merkelcelcarcinoom hangt af van verschillende dingen. Bijvoorbeeld van hoe groot de tumor is. En of er uitzaaiingen zijn. Wil je weten waar je aan toe bent? Vraag het aan je arts. Die kan misschien meer vertellen. Bekijk de overlevingscijfers van merkelcelcarcinoom .",N/A,N/A,Heb je een merkelcelcarcinoom? Dan krijg je vaak een operatie om de tumor weg te halen. Behalve als je uitzaaiingen hebt op andere plekken in je lichaam. Dan krijg je een behandeling om minder klachten te hebben. Of om de tumor minder snel te laten groeien. Lees verder over behandelingen bij merkelcelcarcinoom .
Mesothelioom,https://www.kanker.nl/kankersoorten/mesothelioom/algemeen/wat-is-mesothelioom,"Mesothelioom is kanker die in een vlies ontstaat, meestal in het longvlies. De belangrijkste oorzaak van mesothelioom is contact met asbest. Daarom heet de kanker ook wel asbestkanker. De vooruitzichten van mesothelioom zijn niet goed.",De vooruitzichten bij mesothelioom zijn niet goed. Je kunt niet genezen van mesothelioom. Gemiddeld leven mensen na de diagnose nog 13 tot 15 maanden. Je krijgt een behandeling om de ziekte te remmen en je klachten tegen te gaan. Lees verder over niet meer beter worden van kanker .,N/A,N/A,"Van mesothelioom kun je niet genezen. Je krijgt een behandeling om je leven te verlengen of je klachten te verminderen. Mogelijke behandelingen zijn immunotherapie, chemotherapie of bestraling. Soms krijg je een combinatie van behandelingen. Lees verder over de behandelingen van mesothelioom ."
Mondkanker,https://www.kanker.nl/kankersoorten/mondkanker/algemeen/wat-is-mondkanker,"Mondkanker is kanker die in de mondholte ontstaat. Bijvoorbeeld onder je tong, in je wang of op je tandvlees. Het medische woord voor mondkanker is mondholtekanker of mondholtecarcinoom.","Begrijpelijk dat je meer wilt weten over je vooruitzichten. Is mondkanker goed te behandelen en wat kun je verwachten? Soms is daar iets over te zeggen, maar soms ook niet. De prognose van mondkanker hangt af van verschillende dingen. Bijvoorbeeld hoe vroeg de ziekte is ontdekt en waar de kanker precies zit. Wil je weten waar je aan toe bent? Vraag het je arts. Die kan misschien meer vertellen. Bekijk de overlevingscijfers van mondkanker .",Mondkanker kun je merken aan een zweertje of een zwelling in je mond. Of je hebt rode of witte verdikte plekken in je mond. Lees verder over de symptomen bij mondkanker.,"Er zijn factoren die het risico op mondkanker groter maken, zoals roken en alcohol drinken. Lees verder over de oorzaken en risicofactoren bij mondkanker .","Er zijn verschillende behandelingen bij mondkanker. De meeste mensen krijgen een operatie. Maar bestraling kan ook, als eerste behandeling of na een andere behandeling. Soms krijg je een combinatie van behandelingen, bijvoorbeeld bestraling en chemotherapie (chemoradiatie). Lees verder over behandelingen bij mondkanker."
MPN (myeloproliferatieve neoplasmata),https://www.kanker.nl/kankersoorten/mpn-myeloproliferatieve-neoplasmata/algemeen/wat-is-mpn-myeloproliferatieve-neoplasmata,"MPN staat voor Myelo Proliferatieve Neoplasmata. Dit is een verzamelnaam voor 3 ziektes aan het beenmerg: polycythemia vera, essentiële trombocytemie en myelofibrose. Bij deze ziektes maakt je lichaam te veel of juist te weinig bloedcellen aan. MPN komen niet vaak voor: elk jaar krijgen ongeveer 1000 mensen deze diagnose.",MPN zijn chronische ziektes. Je kunt er niet van genezen. De behandeling die je krijgt is om zo weinig mogelijk last te hebben van de ziekte. Wil je meer weten? Vraag het je arts. Die kan je meer vertellen.,"Er zijn veel verschillende klachten bij MPN. Zoals vermoeidheid, hoofdpijn of jeuk. Of nachtzweten, afvallen of pijn in je botten. Maar deze klachten komen heel vaak voor. Meestal hebben ze een andere oorzaak. Vaak worden MPN toevallig ontdekt, bijvoorbeeld bij een bloedonderzoek. MPN zijn lastig te herkennen.",Bij MPN gaat er iets mis bij het maken van bloedcellen in het beenmerg. Er worden dan te veel of te weinig bloedcellen gemaakt. De oorzaak hiervan is een fout in het DNA (een mutatie) in de stamcellen. Stamcellen zijn cellen in het beenmerg die bloedcellen worden. Lees verder over beenmerg en bloedcellen en MPN .,"Welke behandeling je krijgt, ligt onder andere aan de soort MPN die je hebt. Door MPN kunnen bloedstolsels ontstaan. Daarom heb je een groter risico op een embolie of trombose. Veel mensen krijgen bloedverdunners om dit te voorkomen. Je kunt ook medicijnen krijgen die de extra aanmaak van de bloedcellen stoppen. Lees verder over de behandeling van MPN ."
Mucosaal melanoom,https://www.kanker.nl/kankersoorten/mucosaal-melanoom/algemeen/wat-is-mucosaal-melanoom,"Een mucosaal melanoom is kanker die ontstaat in je slijmvliezen. Bijvoorbeeld in je mond, neus of keel. Of in je vagina of anus. Deze soorten kanker groeien snel en zaaien snel uit. Als de kanker ontdekt wordt, is die vaak al uitgezaaid naar andere plekken in je lichaam.","Begrijpelijk dat je meer wilt weten over je vooruitzichten. Is een mucosaal melanoom goed te behandelen en wat kun je verwachten? Soms is daar iets over te zeggen, maar soms ook niet. De prognose hangt af van verschillende dingen. Bijvoorbeeld hoe uitgebreid het mucosaal melanoom is. En of het mucosaal melanoom is uitgezaaid. Wil je weten waar je aan toe bent? Vraag het je arts. Die kan misschien meer vertellen.","Een mucosaal melanoom en de behandeling kunnen invloed hebben op je leven. Sommige mensen blijven last houden van de gevolgen van de behandeling. Bijvoorbeeld van vermoeidheid, lymfoedeem, of klachten door de operatie. Lees verder over klachten na een mucosaal melanoom .",Er is vaak geen duidelijke oorzaak voor het krijgen van een mucosaal melanoom. Wel zijn er factoren waarvan artsen denken dat ze het risico op een mucosaal melanoom groter maken. Komen melanomen vaker voor in jouw familie? Dan loop je wat meer risico op een mucosaal melanoom. Een mucosaal melanoom komt ook vaker voor bij mensen van 65 of ouder. Kanker is niet besmettelijk. Ook een mucosaal melanoom niet. Je kunt dus geen mucosaal melanoom krijgen van iemand die de ziekte heeft.,"Je kunt verschillende behandelingen krijgen bij een mucosaal melanoom. Meestal krijg je een operatie. Soms krijg je immunotherapie, doelgerichte therapie of bestraling. Lees verder over behandelingen bij een mucosaal melanoom ."
Multipel myeloom (ziekte van Kahler),https://www.kanker.nl/kankersoorten/multipel-myeloom-ziekte-van-kahler/algemeen/wat-is-multipel-myeloom-ziekte-van-kahler,"Multipel myeloom is kanker van het beenmerg. Beenmerg zit binnen in je botten, waar je bloedcellen gemaakt worden. Multipel myeloom heet ook wel de ziekte van Kahler.","Is deze kanker goed te behandelen en wat zijn de vooruitzichten? Vaak willen mensen dit als eerste weten. Soms is daar iets over te zeggen, maar soms ook niet. De prognose van multipel myeloom hangt af van verschillende dingen. Je kunt niet genezen van multipel myeloom. Wel kunnen mensen door de behandeling een aantal jaar leven zonder veel klachten. Wil je weten waar je aan toe bent? Vraag het aan je arts. Die kan misschien meer vertellen. Of bekijk de overlevingscijfers over multipel myeloom . ","Je merkt multipel myeloom bijvoorbeeld door pijn in een bot of een botbreuk. Meestal zit de ziekte er dan al een tijdje. Ook kun je klachten hebben omdat je nieren niet goed werken. Bijvoorbeeld dat je minder moet plassen, meer dorst hebt of duizelig wordt. Of kun je erg moe zijn door bloedarmoede. Maar er zijn veel meer klachten van multipel myeloom. Ze verschillen erg per persoon en zijn ook niet bij iedereen even ernstig. Lees verder over de symptomen van multipel myeloom .","Multipel myeloom ontstaat door een afwijking in het DNA van de plasmacellen. Als je lichaam deze afwijking niet repareert, gaan de plasmacellen ongeremd delen. Het is onduidelijk waardoor multipel myeloom precies ontstaat. Je hebt zelf geen invloed op het krijgen van de ziekte. Voor zover nu bekend is, is multipel myeloom niet erfelijk.","Bij multipel myeloom is niet altijd direct een behandeling nodig. Je hematoloog bespreekt dit met je. Is er een behandeling nodig, dan is dat meestal een stamceltransplantatie. Dit is een zware behandeling. Voor sommige mensen is deze behandeling te zwaar. Of geeft de behandeling te veel kans op problemen. Dan krijg je medicijnen. Lees verder over de behandeling van multipel myeloom ."
Myelodysplastisch syndroom,https://www.kanker.nl/kankersoorten/myelodysplastisch-syndroom/algemeen/wat-is-myelodysplastisch-syndroom,"Myelodysplastisch syndroom (MDS) is een groep van beenmergziektes waarbij de aanmaak van bloedcellen is verstoord.MDS kan vrij rustig verlopen, maar kan zich ook ontwikkelen tot een ernstige ziekte die intensief behandeld moet worden.",N/A,N/A,N/A,N/A
Neuro-endocriene tumoren,https://www.kanker.nl/kankersoorten/neuro-endocriene-tumoren/algemeen/wat-is-neuro-endocriene-tumoren,Neuro-endocriene tumoren zijn zeldzame tumoren. Jaarlijks krijgen zo’n 700 mensen deze diagnose. Neuro-endocriene tumoren worden ook wel NET genoemd.,N/A,N/A,N/A,N/A
Neuskanker,https://www.kanker.nl/kankersoorten/neuskanker/algemeen/wat-is-neuskanker,Bij neuskanker zit er een kwaadaardige tumor in de neus. Neuskanker is een vorm van hoofd-halskanker.,Neuskanker is een ernstige ziekte. Gemiddeld zijn na 10 jaar ongeveer de helft van de mensen met neuskanker nog in leven. De vooruitzichten bij neuskanker hangen ook samen met het stadium van de ziekte. Bekijk de overlevingscijfers van neuskanker .,Neuskanker kan verschillende klachten geven. Bijvoorbeeld een verstopte neus die niet overgaat en minder goed kunnen ruiken. Lees verder over de symptomen van neuskanker .,De oorzaak van neuskanker is niet bekend. De belangrijkste risicofactor is roken. Houtbewerkers en leerlooiers hebben ook een grotere kans op neuskanker. Lees verder over de risicofactoren van neuskanker .,"Voor neuskanker zijn een paar behandelingen mogelijk. De meeste mensen met neuskanker krijgen een operatie. Na de operatie is vaak nog een behandeling met bestraling nodig. Als de tumor ver is doorgegroeid of is uitgezaaid naar andere organen, is genezing vaak niet meer mogelijk. Je krijgt dan een behandeling om de ziekte te remmen. Vaak is dat bestraling, of chemotherapie. Bekijk de uitgebreide informatie over de behandeling van neuskanker ."
Nierkanker,https://www.kanker.nl/kankersoorten/nierkanker/algemeen/wat-is-nierkanker,"Nierkanker is kanker die in de nier ontstaat. Meestal gaat het om niercelkanker, dit is de meest voorkomende soort nierkanker. De medische term is niercelcarcinoom.","Veel mensen gaan op zoek naar wat nierkanker betekent voor hun vooruitzichten. Is deze kanker goed te behandelen en wat kan ik verwachten? Soms is daar iets over te zeggen, maar soms ook niet. De prognose van nierkanker hangt af van verschillende dingen. Bijvoorbeeld van hoe groot de tumor is, of er uitzaaiingen zijn en of de behandeling goed aanslaat. Wil je weten waar je aan toe bent? Vraag het aan je arts. Die kan misschien meer vertellen. Of bekijk de overlevingscijfers van nierkanker . ","Vaak ontdekt de arts nierkanker toevallig. Bijvoorbeeld als je een echografie krijgt van je buik. De meeste mensen met nierkanker hebben in het begin geen klachten. Als de tumor groeit, kun je last krijgen van bloed in je plas, pijn in je zij of een voelbare zwelling van je buik. Lees verder over de symptomen bij nierkanker . ",De precieze oorzaak van nierkanker is niet bekend. Wel zijn er risicofactoren die de kans groter maken dat je nierkanker krijgt. Lees verder over de risicofactoren van nierkanker . ,"De meeste mensen met nierkanker krijgen een operatie. De arts haalt de tumor dan weg. Je kunt ook een andere behandeling krijgen, zoals bestraling, warmte-ablatie met MWA (microwave ablatie) of cryo-ablatie. Bij kleine tumoren in de nier die langzaam groeien kan ook gewacht worden met de behandeling. Je krijgt dan regelmatig een echo of scan om de groei van de tumor te volgen. Als je uitzaaiingen hebt, krijg je meestal bestraling, doelgerichte therapie of immunotherapie. Vaak stelt de arts een combinatie van behandelingen voor. Lees verder over de behandeling van nierkanker . "
Non-hodgkinlymfoom,https://www.kanker.nl/kankersoorten/non-hodgkinlymfoom/algemeen/wat-is-non-hodgkinlymfoom,Non-hodgkin of non-hodgkinlymfoom is een verzamelnaam voor lymfeklierkanker. De kanker ontstaat in een lymfeklier of in lymfeweefsel. Vanuit daar kunnen de kankercellen zich verspreiden door het lichaam.,"Als je weet dat je non-hodgkin hebt, heb je misschien vragen over je vooruitzichten. Is non-hodgkin goed te behandelen en wat zijn de verwachtingen? Soms is daar iets over te zeggen, maar soms ook niet. De prognose van non-hodgkin hangt af van verschillende dingen. Het maakt vooral uit of het lymfoom agressief is, of indolent (niet-agressief). En welke soort je precies hebt. Wil je weten waar je aan toe bent? Vraag het aan je arts. Die kan misschien meer vertellen. Of bekijk de overlevingscijfers van een agressief non-hodgkinlymfoom of de overlevingscijfers van een indolent non-hodgkinlymfoom . ","Soms kun je een non-hodgkinlymfoom opmerken door een vergrote lymfeklier. Bijvoorbeeld als het lymfoom in de hals, de oksel of de lies zit. Maar je kunt ook andere klachten hebben door een non-hodgkinlymfoom. Lees verder over de symptomen van non-hodgkin . ",Meestal is er geen duidelijke oorzaak van non-hodgkin. Non-hodgkin is ook niet erfelijk. Lees verder over oorzaken en risicofactoren bij non-hodgkin . ,"Welke behandeling je krijgt, ligt aan welke soort non-hodgkin je precies hebt. Bij een agressief non-hodgkin moet de behandeling snel beginnen. Meestal krijg je dan chemo-immunotherapie. Heb je een indolent non-hodgkin, dan wil de arts misschien liever afwachten om te zien hoe de ziekte zich ontwikkelt. Het afwachten heet ‘ wait and see ’. Lees verder over de behandeling van non-hodgkin . "
Oogkanker,https://www.kanker.nl/kankersoorten/oogkanker/algemeen/wat-is-oogkanker,Oogkanker is kanker die in het oog ontstaat. De medische term is oculaire kanker. Oogkanker komt weinig voor. Jaarlijks krijgen ongeveer 180 mensen kanker in het oog.,"Begrijpelijk dat je op zoek gaat naar wat oogkanker betekent voor je vooruitzichten. Is deze kanker goed te behandelen? En wat kan je verwachten? Soms is daar iets over te zeggen, maar soms ook niet. De prognose van oogkanker hangt af van verschillende dingen. Bijvoorbeeld van de soort oogkanker die je hebt, en hoe ver de ziekte is uitgebreid. Wil je weten waar je aan toe bent? Vraag het aan je arts. Die kan misschien meer vertellen.",Oogkanker ontstaat langzaam. In het begin heb je meestal geen klachten. Het eerste symptoom is meestal: slechter zien. Ook kun je soms veranderingen opmerken aan of in je oog. Lees meer over de symptomen van oogkanker .,N/A,"Er zijn verschillende behandelingen voor oogkanker. Zoals een operatie, bestraling, cryotherapie, chemotherapie, immunotherapie. Lees verder over de behandeling van oogkanker ."
Oogmelanoom,https://www.kanker.nl/kankersoorten/oogmelanoom/algemeen/wat-is-oogmelanoom,Oogmelanoom is kanker die in het oog ontstaat. Het medische woord is uveamelanoom. Deze soort kanker begint bijna altijd in de laag die achter het oogwit zit: de uvea.,"Het is begrijpelijk dat je meer wilt weten over je vooruitzichten. Is het oogmelanoom goed te behandelen en wat kun je verwachten? Soms is daar iets over te zeggen, maar soms ook niet. Dat hangt af van verschillende dingen. Bijvoorbeeld van de grootte en dikte van het oogmelanoom, de plek van de tumor en of er uitzaaiingen zijn. Wil je weten waar je aan toe bent? Vraag het je arts. Die kan misschien meer vertellen. Of bekijk de overlevingscijfers bij oogmelanoom .","Een oogmelanoom groeit meestal langzaam. Je krijgt vaak pas klachten na maanden tot jaren. De klachten van een oogmelanoom zijn aspecifiek, dat wil zeggen dat ze ook voorkomen bij andere oogaandoeningen. Een eerste symptoom kan zijn: slechter zien. Het is verstandig om met oogklachten naar de huisarts te gaan en je te laten verwijzen naar een oogarts. Lees meer over de symptomen van oogmelanoom .","Waardoor oogmelanoom precies ontstaat, is niet bekend. Wel zijn er een paar risicofactoren  die de kans groter maken dat je een oogmelanoom krijgt. Lees verder over de risicofactoren van oogmelanoom .","Mogelijke behandelingen voor oogmelanoom zijn een operatie en/of bestraling. Lees verder over behandelingen bij oogmelanoom . Bij uitzaaiingen heeft de behandeling vooral als doel om de ziekte te remmen, het leven te verlengen en klachten te verminderen. Meer over de behandeling van uitgezaaid oogmelanoom ."
Oorkanker,https://www.kanker.nl/kankersoorten/oorkanker/algemeen/wat-is-oorkanker,Bij oorkanker zit er een kwaadaardige tumor in het oor. Oorkanker is een zeldzame ziekte. In Nederland krijgen ieder jaar maar een paar mensen deze diagnose.,N/A,"Een klacht die vaak voorkomt bij oorkanker is een loopoor dat niet overgaat. Er komt dan vocht uit het oor, en soms ook een beetje bloed. Andere klachten zijn minder goed horen of oorpijn. Lees verder over de symptomen van oorkanker.","Wat de oorzaak is van oorkanker, valt niet te zeggen. Het is niet duidelijk hoe het komt dat sommige mensen deze ziekte krijgen. Zover bekend is er geen erfelijke aanleg voor oorkanker. Dat betekent dat kinderen van ouders die oorkanker hebben (gehad), geen verhoogd risico hebben op de ziekte.",De meeste mensen met oorkanker krijgen een operatie. Na de operatie is vaak nog een behandeling met bestraling nodig. Bekijk de uitgebreide informatie over de behandeling van oorkanker.
Papil van Vater-kanker,https://www.kanker.nl/kankersoorten/papil-van-vater-kanker/algemeen/wat-is-papil-van-vater-kanker,"Papil van Vater-kanker ontstaat in je buik, op de plek waar de alvleesklierbuis en de galweg bij elkaar komen. Deze plek heet de Papil van Vater. Deze kankersoort komt weinig voor. Papil van Vater-kanker heet ook wel papilkanker of ampullair (adeno)carcinoom.","Veel mensen die te horen hebben gekregen dat ze kanker hebben, willen iets weten over hun vooruitzichten. Wat staat er te gebeuren en hoe lang heb ik nog te leven? Vaak is het lastig om daar een duidelijk antwoord op te geven. De prognose hangt af van veel verschillende factoren. Bijvoorbeeld van hoe groot de tumor is, of de tumor in andere organen is gegroeid. En of er uitzaaiingen zijn en waar die zitten. Ook zijn de kenmerken van de tumor belangrijk. Die kenmerken kan de patholoog onder de microscoop zien en kunnen voorspellen hoe agressief de kanker is. Het is meestal heel moeilijk iets over je vooruitzichten te zeggen. Heb je vragen? Stel die aan je arts. ","Klachten die door Papil van Vater-kanker kunnen komen zijn: afvallen pijn in de bovenbuik minder zin in eten vermoeidheid jeuk over het hele lichaam geelzucht, dat is te merken aan een gele huid, geel oogwit, hele lichte ontlasting (poep) en donkere urine (plas) ","Waarom iemand kanker in de Papil van Vater krijgt, is niet bekend. ","Papil van Vater-kanker kan terugkomen na de operatie. Dit gebeurt bij ongeveer de helft van de mensen binnen 5 jaar. Hoe groot de kans is dat de kanker bij jou terugkomt, is moeilijk te voorspellen. Je hoort van je arts of je onder controle blijft. En zo ja, hoe vaak je op controle komt en of je onderzoeken krijgt. "
Peniskanker,https://www.kanker.nl/kankersoorten/peniskanker/algemeen/wat-is-peniskanker,Peniskanker is kanker die in de penis ontstaat. Het medische woord hiervoor is peniscarcinoom. Peniskanker komt niet vaak voor.,"Begrijpelijk dat je meer wilt weten over je vooruitzichten. Is peniskanker goed te behandelen? En wat kan je verwachten? Soms is daar iets over te zeggen, maar soms ook niet. De prognose van peniskanker hangt af van verschillende dingen. Bijvoorbeeld van hoe groot de tumor is. En of er uitzaaiingen zijn. Wil je weten waar je aan toe bent? Vraag het aan je arts. Die kan misschien meer vertellen. Bekijk de overlevingscijfers van peniskanker .","Peniskanker begint vaak als een plekje op je penis dat niet weggaat. Dat kan eruitzien als een puistje, wratje of zweertje. Meestal zit dit op je eikel of onder je voorhuid. Lees verder over symptomen bij peniskanker .",Peniskanker krijg je meestal als je lang of vaak een ontsteking in je penis hebt. Bijvoorbeeld door een strakke voorhuid. Je kunt ook peniskanker krijgen door een virus: HPV . Lees verder over de oorzaken en risicofactoren van peniskanker .,Er zijn verschillende behandelingen mogelijk bij peniskanker. Veel mannen krijgen een operatie. Soms krijg je chemotherapie of bestraling. Lees verder over behandelingen bij peniskanker .
Plasbuiskanker,https://www.kanker.nl/kankersoorten/plasbuiskanker/algemeen/wat-is-plasbuiskanker,Plasbuiskanker is kanker die ontstaat in de plasbuis. Je plas (urine) gaat er doorheen voordat je die uitplast. Plasbuiskanker komt heel weinig voor. Een ander woord voor plasbuiskanker is urethrakanker of urethracarcinoom.,"Misschien wil je weten wat kanker betekent voor je vooruitzichten. Is het goed te behandelen? En wat kan je verwachten voor de toekomst? Soms is daar iets over te zeggen, maar soms ook niet. De prognose van plasbuiskanker hangt af van verschillende dingen. Bijvoorbeeld van hoe groot de tumor is. En of er uitzaaiingen zijn. Wil je weten waar je aan toe bent? Vraag het aan je arts. Die kan misschien meer vertellen. Bekijk de overlevingscijfers van plasbuiskanker .","Plasbuiskanker merk je het eerste doordat er iets verandert aan je plas. Er kan bloed in zitten. Soms heb je een knobbel of bultje bij je vagina, penis of in je lies. Lees verder over symptomen bij plasbuiskanker .",Er zijn risicofactoren die de kans op plasbuiskanker groter maken. De belangrijkste zijn: eerder blaaskanker hebben gehad of een jarenlange ontsteking van de plasbuis. Lees verder over de oorzaken en risicofactoren van plasbuiskanker .,Heb je plasbuiskanker? Dan kun je verschillende behandelingen krijgen. Soms krijg je een operatie om de tumor weg te halen. Heb je uitzaaiingen in je longen of botten? Dan kun je niet geopereerd worden. Je krijgt dan een behandeling die zorgt dat je minder klachten hebt. Of dat de tumor minder snel groeit. Lees verder over behandelingen bij plasbuiskanker .
Plaveiselcelcarcinoom,https://www.kanker.nl/kankersoorten/plaveiselcelcarcinoom/algemeen/wat-is-plaveiselcelcarcinoom,Een plaveiselcelcarcinoom is een kwaadaardig plekje dat ontstaat in je huid. Het is een vorm van huidkanker. De meeste mensen met een plaveiselcelcarcinoom op de huid zijn 60 jaar of ouder.,"Plaveiselcelcarcinoom zaait bijna nooit uit. De arts kan het plekje vaak helemaal weghalen. Als je wel uitzaaiingen hebt, is dat meestal in de lymfeklieren. Die uitzaaiingen kan de arts vaak goed behandelen. Bijna iedereen geneest van een plaveiselcelcarcinoom. Wil je weten waar je aan toe bent? Vraag het je arts. Die kan je meer vertellen. Bekijk de overlevingscijfers van plaveiselcelcarcinoom .",N/A,"Er zijn factoren die het risico op een plaveiselcelcarcinoom groter maken. De belangrijkste is uv-straling van de zon of zonnebank. Daarom zit een plaveiselcelcarcinoom vaak op een plek die jarenlang veel zon heeft gehad. Zoals het gezicht, de hals, de onderarmen en de handen. Lees verder over de risicofactoren van plaveiselcelcarcinoom .",Meestal snijdt de arts het plaveiselcelcarcinoom weg. Soms wordt de plek bestraald. Lees verder over de behandeling van een plaveiselcelcarcinoom .
Primaire tumor onbekend (PTO),https://www.kanker.nl/kankersoorten/primaire-tumor-onbekend-pto/algemeen/wat-is-primaire-tumor-onbekend-pto,Bij primaire tumor onbekend (PTO) heb je uitzaaiingen van kanker. Maar: het is niet duidelijk waar de kanker is ontstaan. En dus ook niet waar de uitzaaiingen vandaan komen. Meestal kun je niet genezen van PTO.,Veel mensen gaan op zoek naar wat PTO betekent voor hun vooruitzichten. Wat kan ik verwachten? Meestal zijn de vooruitzichten niet goed. De ziekte verloopt vaak snel en de meeste mensen met PTO kunnen niet meer beter worden. Wil je weten waar je aan toe bent? Vraag het aan je arts. Die kan misschien meer vertellen. Bekijk de overlevingscijfers van PTO .,"De meeste mensen met PTO hebben vage klachten, zoals vermoeidheid, pijn of afvallen zonder reden. Dit zijn klachten die vaker voorkomen bij uitgezaaide kanker. Maar deze klachten kunnen ook een andere oorzaak hebben. Waar je bij PTO last van hebt, heeft ook te maken met de plaats van de uitzaaiingen en hoe groot de uitzaaiingen zijn. Lees verder over de symptomen bij primaire tumor onbekend .",N/A,"Als je PTO hebt, kun je meestal niet meer beter worden. De behandelingen die je dan krijgt zijn niet om te genezen. Je krijgt ze om de ziekte te remmen en je klachten zo veel mogelijk te verminderen. Zoals chemotherapie of bestraling tegen de pijn. Lees verder over de behandelingen bij primaire tumor onbekend ."
Prostaatkanker,https://www.kanker.nl/kankersoorten/prostaatkanker/algemeen/wat-is-prostaatkanker,Prostaatkanker is kanker die in de prostaat ontstaat. De medische naam hiervoor is prostaatcarcinoom. Prostaatkanker is de meest voorkomende vorm van kanker bij mannen.,"Prostaatkanker is de meest voorkomende vorm van kanker bij mannen. Elk jaar krijgen ongeveer 13.000 mannen de diagnose prostaatkanker. De ziekte komt vooral voor bij mannen boven de 65 jaar. Maar ook jongere mannen kunnen prostaatkanker krijgen. De vooruitzichten van prostaatkanker die niet is uitgezaaid, zijn meestal gunstig. Vijf jaar na de diagnose zijn de meeste patiënten nog in leven. Bij uitgezaaide prostaatkanker is de prognose minder goed. → Bekijk de overlevingscijfers van prostaatkanker",Prostaatkanker geeft in het begin vaak geen duidelijke klachten. De meeste mannen merken daardoor niet dat ze prostaatkanker hebben. → Lees meer over symptomen van prostaatkanker,Er is meestal geen duidelijke oorzaak van prostaatkanker aan te wijzen. Er zijn wel risicofactoren die de kans op prostaatkanker vergroten. → Lees meer over de oorzaken en risicofactoren van prostaatkanker,"Bij prostaatkanker zijn verschillende behandelingen mogelijk. Samen met je arts bespreek je wat in jouw situatie de beste behandeling is. Voor de behandeling van prostaatkanker maakt het veel uit of de tumor alleen in de prostaat zit, doorgegroeid is buiten de prostaat of uitgezaaid is. →Bekijk de mogelijke behandelingen per stadium Mogelijke behandelingen bij prostaatkanker zijn: Actief volgen Operatie Inwendige bestraling (brachytherapie) Uitwendige bestraling Hormonale therapie Chemotherapie Radioactief radium Lutetium-PSMA Vaak krijg je een combinatie van behandelingen. → Lees de uitgebreide informatie over behandelingen bij prostaatkanker"
Pseudomyxoma peritonei (PMP),https://www.kanker.nl/kankersoorten/pseudomyxoma-peritonei-pmp/algemeen/wat-is-pseudomyxoma-peritonei-pmp,Bij pseudomyxoma peritonei (PMP) heb je cellen in je buik die veel slijm maken. Je buik wordt door dit slijm steeds dikker. Pseudomyxoma peritonei is een zeldzame vorm van kanker. Per jaar krijgen ongeveer 30 mensen de diagnose.,Over het algemeen zijn de vooruitzichten bij laaggradige PMP beter dan bij hooggradige PMP. Je kunt lang leven met laaggradige PMP. Vijf jaar na de diagnose leven ongeveer 9 van de 10 mensen met laaggradige PMP nog. En na 15 jaar is de helft van alle mensen nog in leven. Hooggradige PMP is agressiever. Van alle mensen met hooggradige PMP leeft ongeveer de helft nog 5 jaar na de diagnose.,Het duurt vaak lang eer duidelijk is dat je pseudomyxoma peritonei hebt. De meeste mensen met pseudomyxoma peritonei hebben in het begin geen klachten. Of je klachten lijken op het eerste gezicht onschuldig. Je kunt na een tijd last krijgen van een opvallend dikke buik en van een vol gevoel of van diarree of juist van verstopping. Lees verder over de symptomen bij pseudomyxoma peritonei .,"Pseudomyxoma peritonei ontstaat meestal vanuit een gezwel in je blinde darm. In het gezwel zitten cellen die slijm maken. Het is niet bekend waarom zo’n gezwel ontstaat. Er zijn geen risicofactoren bekend die de kans groter maken dat je pseudomyxoma peritonei krijgt. Voor zover nu bekend is, is PMP ook niet erfelijk.","De meeste mensen met pseudomyxoma peritonei krijgen een operatie met HIPEC. Dit is een behandeling die uit 2 delen bestaat: de arts haalt eerst zo veel mogelijk slijm en de slijmvormende cellen uit de buikholte. Ook verwijdert hij of zij de blinde darm en de organen waar het slijm aan vast zit. Daarna spoelt de chirurg de buik met warme chemotherapie. Dit deel van de operatie heet HIPEC. Als je geen operatie met HIPEC kunt krijgen, krijg je soms chemotherapie via het infuus. Dat is meestal alleen mogelijk als je hooggradige PMP hebt. Lees verder over de behandeling van pseudomyxoma peritonei ."
Schaamlipkanker (vulvakanker),https://www.kanker.nl/kankersoorten/schaamlipkanker-vulvakanker/algemeen/wat-is-schaamlipkanker-vulvakanker,Schaamlipkanker is kanker die in de schaamlippen ontstaat. De schaamlippen zijn onderdeel van de vulva. Daarom heet schaamlipkanker ook wel vulvakanker of vulvacarcinoom.,"Het is begrijpelijk dat je meer wilt weten over je vooruitzichten. Is schaamlipkanker goed te behandelen en wat kan je verwachten? Soms is daar iets over te zeggen, maar soms ook niet. Dat hangt af van verschillende dingen. Bijvoorbeeld van de grootte van de tumor en of er uitzaaiingen zijn. Wil je weten waar je aan toe bent? Vraag het je arts. Die kan misschien meer vertellen. Bekijk de overlevingscijfers van schaamlipkanker .","Schaamlipkanker en de behandeling hebben vaak invloed op je leven. Soms kun je last blijven houden van de gevolgen van de behandeling. Bijvoorbeeld: vermoeidheid, plasklachten, darmklachten, problemen met seksualiteit of lymfoedeem. Lees verder over klachten na schaamlipkanker .",Schaamlipkanker komt vooral voor bij vrouwen ouder dan 60 jaar. De precieze oorzaak van schaamlipkanker is niet bekend. Deze aandoeningen geven een grotere kans op schaamlipkanker (vulvakanker): de huidziekte lichen sclerosus van de vulva een langdurige HPV-infectie van de vulva de huidziekte morbus Paget van de vulva Lees verder over deze risicofactoren voor schaamlipkanker .,"Er zijn verschillende behandelingen mogelijk bij schaamlipkanker. Bijvoorbeeld een operatie, bestraling en chemotherapie. Soms krijg je een combinatie van deze behandelingen. Lees verder over behandelingen bij schaamlipkanker ."
Schildklierkanker,https://www.kanker.nl/kankersoorten/schildklierkanker/algemeen/wat-is-schildklierkanker,Schildklierkanker is zeldzaam. In 2025 kregen 894 mensen de diagnose schildklierkanker. De schildklier zit in de hals en maakt hormonen: belangrijke stoffen die invloed hebben op de werking van organen.,N/A,"Schildklierhormoon is onmisbaar. De arts schrijft schildklierhormoon voor als het lichaam het zelf niet meer maakt. Het duurt een aantal maanden voor duidelijk is wat een goede hoeveelheid schildklierhormoon is. Door te weinig schildklierhormoon kunnen klachten ontstaan als: het koud hebben vermoeidheid, verstopping of aankomen. Lees meer over de gevolgen van schildklierkanker .","Er is niet één oorzaak voor schildklierkanker. Wel kan de kans om schildklierkanker te krijgen groter worden door bestraling op jonge leeftijd van het hoofd, de hals of de borst. Of door erfelijke aanleg, bijvoorbeeld door het MEN-2-syndroom .",Bij papillaire schildklierkanker en folliculaire schildklierkanker volgt na de operatie vaak een behandeling met radioactief jodium. Het radioactief jodium zit in een kleine capsule die je inslikt. Door de straling in het radioactief jodium gaan de schildklierkankercellen stuk.
Slokdarmkanker,https://www.kanker.nl/kankersoorten/slokdarmkanker/algemeen/wat-is-slokdarmkanker,Slokdarmkanker is kanker die in de slokdarm ontstaat. De medische term hiervoor is oesofaguscarcinoom.,Slokdarmkanker komt redelijk vaak voor. Elk jaar krijgen in Nederland ongeveer 2500 mensen de diagnose slokdarmkanker. Na 5 jaar zijn gemiddeld nog 24 van de 100 mensen in leven. Voor de prognose maakt het veel uit in welk stadium de ziekte is als het ontdekt wordt. Bekijk de uitgebreide overlevingscijfers bij slokdarmkanker .,Je krijgt meestal pas klachten door slokdarmkanker als de tumor al flink gegroeid is. Er kunnen dan al uitzaaiingen zijn. De kans op genezing is groter als de tumor vroeg ontdekt wordt. Daarom is het belangrijk om de symptomen van slokdarmkanker te kunnen herkennen. Lees meer over de symptomen bij slokdarmkanker .,"Er is meestal geen precieze oorzaak van slokdarmkanker te vinden. Er zijn wel dingen die de kans op slokdarmkanker vergroten, zoals roken, overgewicht en reflux. Lees meer over de oorzaken en risicofactoren van slokdarmkanker .","Bij slokdarmkanker zijn verschillende behandelingen mogelijk. Samen met je arts bespreek je wat in jouw situatie de beste behandeling is. Mogelijke behandelingen zijn: Endoscopische behandeling Chemoradiatie Operatie Bestraling Chemotherapie Immunotherapie Doelgerichte therapie Een stent Bij de behandeling van slokdarmkanker maakt het veel uit of de tumor alleen in de slokdarm zit, is doorgegroeid of is uitgezaaid. Bekijk de mogelijke behandelingen per stadium ."
Speekselklierkanker,https://www.kanker.nl/kankersoorten/speekselklierkanker/algemeen/wat-is-speekselklierkanker,Bij speekselklierkanker zit er een kwaadaardige tumor in een speekselklier. Speekselklierkanker is een zeldzame soort kanker. In 2025 kregen 302 mensen de diagnose speekselklierkanker.,"De vooruitzichten bij speekselklierkanker hangen af van het soort speekselklierkanker, hoe agressief de tumor is en of er uitzaaiingen zijn. Na 10 jaar is gemiddeld nog de helft van de mensen in leven. Bekijk de cijfers over speekselklierkanker .","De meest voorkomende klachten bij speekselklierkanker zijn een zwelling in het gezicht en een verlamming van het gezicht. De verlamming in het gezicht zit vooral bij het oog en in de mondhoek. De zwelling kan pijn doen, maar dat hoeft niet altijd. Niet alle mensen met speekselklierkanker hebben klachten. Bij een deel van de mensen wordt de ziekte toevallig ontdekt. Lees meer over de symptomen van speekselklierkanker .","De precieze oorzaak van speekselklierkanker is niet bekend. Wel zijn er een aantal zaken die de kans op speekselklierkanker vergroten. Dat is bijvoorbeeld een eerdere behandeling met bestraling. En blootstelling aan bepaalde giftige stoffen, bijvoorbeeld in de industrie. Lees verder over de risicofactoren van speekselklierkanker .","Voor speekselklierkanker zijn een paar behandelingen mogelijk. Meestal krijg je een operatie. De arts haalt dan de speekselklier met tumor weg. Na de operatie is vaak nog bestraling nodig. Na de behandeling is er een kans dat de ziekte terugkomt. Je arts kan je vertellen welke behandeling dan mogelijk is. Als de tumor ver is doorgegroeid of is uitgezaaid naar andere organen, is genezing vaak niet meer mogelijk. Je krijgt dan een behandeling om de ziekte te remmen. Bekijk de uitgebreide informatie over de behandeling van speekselklierkanker ."
Strottenhoofdkanker,https://www.kanker.nl/kankersoorten/strottenhoofdkanker/algemeen/wat-is-strottenhoofdkanker,"Strottenhoofdkanker is kanker van het strottenhoofd. Een tumor kan op verschillende plekken in het strottenhoofd ontstaan. Meestal ontstaat de tumor op de stembanden, soms erboven en soms eronder.",N/A,N/A,N/A,N/A
Talgkliercarcinoom,https://www.kanker.nl/kankersoorten/talgkliercarcinoom/algemeen/wat-is-talgkliercarcinoom,Een talgkliercarcinoom is een agressieve vorm van huidkanker. Deze kanker ontstaat in je talgklieren. Talgklieren zitten op bijna alle plekken in je huid. Maar vooral bij je ooglid zitten veel talgklieren.,"Begrijpelijk dat je op zoek gaat naar wat talgkliercarcinoom betekent voor je vooruitzichten. Is het goed te behandelen? En wat kun je verwachten voor de toekomst? Soms is daar iets over te zeggen, maar soms ook niet. De prognose van talgkliercarcinoom hangt af van verschillende dingen. Bijvoorbeeld van hoe groot de tumor is. En of er uitzaaiingen zijn. Wil je weten waar je aan toe bent? Vraag het aan je arts. Die kan misschien meer vertellen.",N/A,"Er zijn risicofactoren die de kans op een talgkliercarcinoom groter maken. Mensen met het Lynch-syndroom èn het Muir-Torre syndroom hebben meer kans om een talgkliercarcinoom te krijgen. Heb je eerder bestraling gehad op je huid? Dan heb je op de bestraalde plek een iets grotere kans op huidkanker, en dus ook op talgklierkanker. Lees verder over de oorzaken en risicofactoren van talgklierkanker .",Er zijn verschillende behandelingen mogelijk bij een talgkliercarcinoom. De meeste mensen krijgen een operatie. Sommige mensen krijgen chemotherapie of bestraling. Lees verder over behandelingen bij talgkliercarcinoom .
Thymuskanker,https://www.kanker.nl/kankersoorten/thymuskanker/algemeen/wat-is-thymuskanker,"Thymuskanker is kanker van de thymus. Er zit dan een kwaadaardige tumor in de thymus. De thymus is belangrijk voor de ontwikkeling van je afweersysteem. Het orgaan ligt in de borstkas, vlak achter het borstbeen en dicht bij het hart. Een ander woord voor thymus is zwezerik. Thymuskanker heet ook wel zwezerikkanker.",N/A,Thymuskanker geeft meestal lange tijd geen klachten. Vaak wordt thymuskanker toevallig ontdekt. Symptomen van thymuskanker zijn bijvoorbeeld benauwdheid en pijn in de borstkas. Lees verder over de symptomen van thymuskanker .,Er is geen duidelijke oorzaak van thymuskanker. Ook is niet bekend of er risicofactoren zijn die de kans groter maken dat je thymuskanker krijgt. Thymuskanker is niet erfelijk.,Vrijwel alle mensen met thymuskanker krijgen een operatie waarbij de arts de thymus verwijdert. Na de operatie kan bestraling nodig zijn. Lees verder over de behandeling van thymuskanker .
Tongkanker,https://www.kanker.nl/kankersoorten/tongkanker/algemeen/wat-is-tongkanker,Bij tongkanker zit er kanker in of op de tong. Bij kanker gaat het om een kwaadaardige tumor. Tongkanker is een vorm van hoofd-halskanker.,N/A,"Tongkanker kan verschillende klachten geven. Symptomen die het meest voorkomen zijn een gezwollen tong, pijn aan de tong, of een wondje dat niet geneest. Lees verder over de symptomen bij tongkanker .",De belangrijkste oorzaken van tongkanker zijn roken en veel alcohol drinken. Ook besmetting met HPV kan een oorzaak zijn voor tongkanker. Er zijn ook nog een paar andere risicofactoren .,"Bij tongkanker zijn verschillende behandelingen mogelijk. Zit de tumor in het voorste deel van de tong en is er kans op genezing? Dan krijg je meestal een operatie. Na de operatie volgt vaak nog een nabehandeling met bestraling, of met chemoradiatie. Als de kanker in de tongbasis zit en er genezing mogelijk is, stelt de arts meestal een behandeling voor met bestraling, vaak samen met chemotherapie. Dit heet chemoradiatie. Als genezing niet meer mogelijk is, zijn er verschillende behandelingen die als doel hebben de ziekte te remmen. Zoals bestraling, chemotherapie en immunotherapie. Bekijk de uitgebreide informatie over de behandeling van tongkanker ."
Trofoblastziekten,https://www.kanker.nl/kankersoorten/trofoblastziekten/algemeen/wat-is-trofoblastziekten,Trofoblastziekten ontstaan tijdens of na een zwangerschap in de placenta. Trofoblastziekten zijn meestal goedaardig. Kwaadaardige trofoblastziekten (kanker) komen maar een paar keer per jaar voor in Nederland.,N/A,N/A,N/A,N/A
Urachuskanker,https://www.kanker.nl/kankersoorten/urachuskanker/algemeen/wat-is-urachuskanker,Urachuskanker is een tumor die ontstaat in de urachus. Dat is een kanaaltje dat je blaas met je navel verbindt als je nog niet geboren bent. Een ander woord voor urachuskanker is urachuscarcinoom.,"Begrijpelijk dat je meer wilt weten over je vooruitzichten. Is urachuskanker goed te behandelen en wat kun je verwachten? Soms is daar iets over te zeggen, maar soms ook niet. De prognose hangt af van verschillende dingen. Bijvoorbeeld van hoe groot de tumor is. En of er uitzaaiingen zijn. Wil je weten waar je aan toe bent? Vraag het aan je arts. Die kan misschien meer vertellen.",Urachuskanker geeft in het begin meestal geen klachten. Daardoor wordt de ziekte vaak pas laat ontdekt. De klacht die het meest voorkomt bij urachuskanker is bloed in je plas. Lees verder over symptomen bij urachuskanker .,Hoe urachuskanker ontstaat weten artsen niet precies. Je kunt het alleen krijgen als er restjes van de urachus zijn achtergebleven na je geboorte. Soms gaan deze resten ontsteken. Gebeurt dit vaker? Dan is je kans op urachuskanker wat groter. Maar je kunt ook urachuskanker krijgen zonder dat je ooit klachten hebt gehad. Lees verder over de oorzaken en risicofactoren bij urachuskanker .,Blijkt uit onderzoek dat je urachuskanker hebt? Dan krijg je meestal een operatie. Soms krijg je na de operatie chemotherapie. Lees verder over behandelingen bij urachuskanker .
Vaginakanker,https://www.kanker.nl/kankersoorten/vaginakanker/algemeen/wat-is-vaginakanker,Vaginakanker is kanker die in de vagina ontstaat. Het medische woord is vaginacarcinoom. Vaginakanker komt heel weinig voor.,"Het is begrijpelijk dat je meer wilt weten over je vooruitzichten. Is vaginakanker goed te behandelen en wat kun je verwachten? Soms is daar iets over te zeggen, maar soms ook niet. Dat hangt af van verschillende dingen Bijvoorbeeld hoe groot de tumor is en of er uitzaaiingen zijn. Wil je weten waar je aan toe bent? Vraag het je arts. Die kan misschien meer vertellen. Bekijk de overlevingscijfers van vaginakanker .","Vaginakanker en de behandeling hebben vaak invloed op je leven. Soms kun je last blijven houden van de gevolgen van de behandeling. Bijvoorbeeld van vermoeidheid, seksuele problemen, lymfoedeem of plasklachten. De behandeling kan ook gevolgen hebben voor je vruchtbaarheid. Lees verder over klachten na vaginakanker .",N/A,"Er zijn verschillende behandelingen mogelijk bij vaginakanker. Zoals bestraling, chemoradiatie of een operatie. Lees verder over behandelingen bij vaginakanker ."
Wekedelentumoren / wekedelensarcomen,https://www.kanker.nl/kankersoorten/wekedelentumoren-wekedelensarcomen/algemeen/wat-is-wekedelentumoren-wekedelensarcomen,Bekijk wat Patiëntenplatform Sarcomen voor je kan betekenen.,N/A,"Wanneer je een wekedelensaroom hebt, kun je verschillende klachten krijgen. In het begin heb je meestal geen klachten. Een belangrijk symptoom is een zwelling of bult in je buik, been of arm. Meestal wordt een tumor in de weke delen pas laat ontdekt. Dat komt omdat wekedelentumoren zeldzaam zijn. En een zwelling, bult of knobbeltje is meestal geen kanker. Daarom wordt vaak ook niet aan kanker gedacht. Lees de uitgebreide informatie over symptomen van wekedelensarcomen .",Meestal is de oorzaak van een wekedelensarcoom niet bekend. Sommige mensen hebben een grotere kans op een wekedelensarcoom. Maar vaak is het toeval als  er een wekedelensarcoom ontstaat. Lees meer over de risicofactoren van wekedelensarcomen .,"Welke behandeling je krijgt als je een wekedelensarcoom hebt, ligt aan het soort sarcoom. Als het kan, probeert de chirurg het sarcoom te verwijderen. Omdat wekedelensarcomen zeldzaam zijn, is het belangrijk dat de behandeling in een expertisecentrum gebeurt."
Zaadbalkanker (teelbalkanker),https://www.kanker.nl/kankersoorten/zaadbalkanker-teelbalkanker/algemeen/wat-is-zaadbalkanker-teelbalkanker,Zaadbalkanker is kanker die ontstaat in de zaadbal (teelbal). Het medische woord is testiscarcinoom. Zaadbalkanker komt weinig voor. Jonge mannen tussen de 18 en 35 jaar hebben de grootste kans op zaadbalkanker.,Meestal wordt zaadbalkanker vroeg ontdekt. Dan is de kans op genezing groot: 90 tot 100%. Soms is zaadbalkanker al uitgezaaid naar de lymfeklieren in de buik als de ziekte ontdekt wordt. Ook dan is de prognose meestal goed. Bekijk de overlevingscijfers van zaadbalkanker . ,"Bij zaadbalkanker kan de zaadbal iets groter zijn, of je kunt een knobbel of verharding voelen. Die knobbels zijn meestal niet pijnlijk, maar kunnen wel pijnlijk zijn bij aanraking. Lees verder over de symptomen van zaadbalkanker . ","Waarschijnlijk ontstaat zaadbalkanker door een combinatie van factoren. Het voorkomen van zaadbalkanker in de familie speelt een rol, maar omgevingsfactoren nog meer. Lees wat de belangrijkste risicofactoren voor zaadbalkanker zijn. ","De behandeling van zaadbalkanker begint altijd met een operatie waarbij de arts de zaadbal via de lies verwijdert. Medisch gezien is dit een kleine operatie. Maar emotioneel gezien kan het een ingrijpende gebeurtenis zijn. Daarna kijkt de arts of een aanvullende behandeling nodig is, zoals chemotherapie, bestraling of een lymfeklieroperatie. Is geen aanvullende behandeling nodig? Dan kom je regelmatig op controle. Dat heet actief volgen. Lees verder over de behandeling van zaadbalkanker . "
Zeldzame kankers,https://www.kanker.nl/kankersoorten/zeldzame-kankers/algemeen/wat-is-zeldzame-kankers,"Als je een zeldzame kanker hebt, denk je misschien: ik ben dus een uitzondering. Toch heeft 1 van de 5 mensen met kanker een zeldzame vorm. Al die mensen lopen vaak tegen dezelfde dingen aan. Op deze pagina geven we je tips en houvast.",N/A,N/A,N/A,N/A
Ziekte van Waldenström,https://www.kanker.nl/kankersoorten/ziekte-van-waldenstrom/algemeen/wat-is-ziekte-van-waldenstrom,De ziekte van Waldenström is kanker van de witte bloedcellen. Meestal zit de ziekte in het beenmerg. De ziekte ontwikkelt zich langzaam. Met medicijnen kun je soms jarenlang leven met Waldenström.,Veel mensen die net te horen hebben gekregen dat ze kanker hebben willen iets weten over hun vooruitzichten. Wat staat er te gebeuren en hoe lang heb ik nog te leven? Je kunt niet genezen van de ziekte van Waldenström. Wel kun je door de behandeling vaak lang geen last hebben van de ziekte. Ook kun je als de ziekte terugkomt opnieuw behandeld worden. Dat kan vaak meerdere keren. Wil je weten waar je aan toe bent? Vraag het aan je hematoloog. Die kan misschien meer vertellen. ,"De ziekte van Waldenström kan veel verschillende klachten geven, zoals vermoeidheid of bloedarmoede. Niet iedereen heeft evenveel last van de klachten. Soms zijn er helemaal geen symptomen. Lees verder over de symptomen bij de ziekte van Waldenström . ",Het is niet bekend waardoor de ziekte van Waldenström precies ontstaat. Er zijn geen risicofactoren bekend waardoor je kans op de ziekte groter is. Lees verder over oorzaken en risicofactoren van de ziekte van Waldenström . ,"Je kunt niet genezen van de ziekte van Waldenström, de meeste mensen krijgen medicijnen om de ziekte te onderdrukken. Welke medicijnen je precies krijgt, bespreek je samen met je hematoloog. Lees verder over behandelingen bij de ziekte van Waldenström . "
