Cancer_type,Source_URL,Topic,Question,General_description,Journey_stage,Support_type,Treatment,Next_step,Keywords,Date,Content_hash,Topic_en,Question_en,General_description_en,Next_step_en,Support_type_en,trustworthiness
All / General,https://nfk.nl/themas/vroegtijdige-opsporing-van-kanker-in-hoogrisicogroepen,Early Detection in High-Risk Groups,What is available regarding early detection for high-risk groups?,"NFK zet zich in voor een betere vroegtijdige opsporing van kanker bij hoogrisicogroepen, zoals mensen met een erfelijke aanleg of familiegeschiedenis, om de gevolgen van de ziekte zoveel mogelijk te beperken.",Diagnosis / Prevention,Prevention & Early Detection,Not treatment-specific,Bespreek je familiegeschiedenis of erfelijke risico's met je huisarts en vraag zo nodig doorverwijzing naar klinische genetica.,"early detection, high risk, hereditary, genetics, prevention",2026-05-31 14:53:16,9c0f75b9a7742575bdd20b7c527feb2cf9e4388f2cd554ba96609e1bdb8316cb,Early Detection in High-Risk Groups,What is available regarding early detection for high-risk groups?,"NFK is committed to better early detection of cancer in high-risk groups, such as people with a hereditary predisposition or family history, to limit the consequences of the disease as much as possible.","Discuss your family history or hereditary risks with your GP and, if necessary, request referral to clinical genetics.",Prevention & Early Detection,3.92
All / General,https://nfk.nl/themas/samen-beslissen,Shared Decision Making,What is Shared Decision Making?,"Samen Beslissen betekent dat jij en je arts samen beslissen over de behandeling. Medische feiten worden gecombineerd met jouw persoonlijke situatie, wensen en dagelijkse prioriteiten.",Diagnosis / Treatment,Decision Making,All types,Bereid je vragen en voorkeuren voor voordat je naar een consult gaat. Gebruik gespreks hulpmiddelen van NFK.,"shared decision making, patient involvement",2026-05-31 14:53:16,f696c186fbb8df70dc58a95ae9bd7ccd154bf60a48c1c18fdf9fd09be3612cf2,Shared Decision Making,What is Shared Decision Making?,"Shared Decision Making means that you and your doctor decide together about the treatment. Medical facts are combined with your personal situation, wishes and daily priorities.",Prepare your questions and preferences before going to a consultation. Use conversation tools from NFK.,Decision Making,3.92
All / General,https://nfk.nl/themas/samen-beslissen/wat-is-samen-beslissen,Patient Rights as a Cancer Patient,What are my rights as a cancer patient?,"Als kankerpatiënt in Nederland heb je belangrijke rechten, waaronder duidelijke informatie, toestemming voor behandeling, inzage in je medisch dossier, een second opinion en deelname aan besluitvorming.",Throughout the Journey,Patient Rights,General,Vraag je arts om duidelijke informatie en vraag inzage in je medisch dossier. Overweeg een second opinion als je twijfelt.,"patient rights, second opinion, medical records",2026-05-31 14:53:16,c48541473ef898e3a07cf3aeab68abbdd8ebccd48fbcd5750293fad1e3b8be3c,Patient Rights as a Cancer Patient,What are my rights as a cancer patient?,"As a cancer patient in the Netherlands, you have important rights, including clear information, consent for treatment, access to your medical file, a second opinion and participation in decision-making.","Ask your doctor for clear information and request access to your medical file. If you have any doubts, consider a second opinion.",Patient Rights,3.92
All / General,https://nfk.nl/onze-doelen/passende-zorg-in-het-juiste-ziekenhuis,Right to Appropriate / Expert Care,What is my right to appropriate/expert care?,"Je hebt het recht om de best mogelijke zorg te krijgen in het meest geschikte gespecialiseerde ziekenhuis, passend bij jouw kankersoort en persoonlijke behoeften.",Diagnosis / Treatment,Care Quality,Specialized hospital,Bespreek met je specialist welk ziekenhuis de beste expertise heeft voor jouw kankersoort en vraag een doorverwijzing aan indien nodig.,"expert care, specialized hospital",2026-05-31 14:53:16,9286008667d604ebb43d8bf1d0d3d5d97c9897a2f8d0300834fc144fc4be4c55,Right to Appropriate / Expert Care,What is my right to appropriate/expert care?,"You have the right to receive the best possible care in the most appropriate specialized hospital, tailored to your type of cancer and personal needs.",Discuss with your specialist which hospital has the best expertise for your type of cancer and request a referral if necessary.,CareQuality,3.92
All / General,https://nfk.nl/onze-doelen/goed-leven-met-kanker,Support - Quality of Life,What support is available for quality of life?,"NFK komt op voor een goede kwaliteit van het dagelijks leven voor mensen die leven met of na kanker en hun naasten, met ondersteuning om deel te nemen aan de samenleving.",Aftercare / Recovery,Quality of Life,Not treatment-specific,Deel je ervaringen via NFK’s ‘Doneer je Ervaring’ en maak contact met ondersteuningsnetwerken.,"quality of life, daily living",2026-05-31 14:53:16,f6b51ba3531eddf56fc5b9c3fd225315e18e43904d829fb418440b79231c9a76,Support - Quality of Life,What support is available for quality of life?,"NFK stands up for a good quality of daily life for people living with or after cancer and their loved ones, with support to participate in society.",Share your experiences through NFK's 'Donate your Experience' and connect with support networks.,Quality of Life,3.92
All / General,https://nfk.nl/themas/leefstijl-tijdens-en-na-de-behandeling,Support - Lifestyle During and After Treatment,What support is available for lifestyle during and after treatment?,Praktische hulpmiddelen van en advies om een gezonde leefstijl te behouden tijdens en na de kankerbehandeling.,During and After Treatment,Lifestyle Support,During and after,Gebruik de Leefstijlroer tool op kanker.nl en begin met kleine gezonde leefstijlveranderingen.,"lifestyle, nutrition, exercise",2026-05-31 14:53:16,77dad81d5fa1a2527a816493effbed7bdcb5a7ab153696d796428931eb510340,Support - Lifestyle During and After Treatment,What support is available for lifestyle during and after treatment?,Practical tools and advice to maintain a healthy lifestyle during and after cancer treatment.,Use the Leefstijlroer tool onkanker.nl and start with small healthy lifestyle changes.,Lifestyle Support,3.92
All / General,https://nfk.nl/aangesloten-organisaties,Support - Affiliated Organizations,Where can I find peer support for my cancer type?,NFK is de koepelorganisatie voor 22 kankerpatiëntenorganisaties die gerichte lotgenotenondersteuning en informatie bieden.,Throughout the Journey,Peer & Specific Support,Not treatment-specific,Ga naar de pagina met aangesloten organisaties en neem contact op met de groep die past bij jouw kankersoort.,"peer support, patient organizations",2026-05-31 14:53:16,6001c0688c9a35734e5506cc5858ff9350ed5f4fc9f115964aececdb90483add,Support - Affiliated Organizations,Where can I find peer support for my cancer type?,NFK is the umbrella organization for 22 cancer patient organizations that provide targeted peer support and information.,Go to the affiliated organizations page and contact the group that matches your type of cancer.,Peer & Specific Support,3.92
All / General,https://nfk.nl/themas/zeldzame-kankers,Rare Cancer Support,What support is available for rare cancers?,"NFK ondersteunt betere erkenning, onderzoek en gespecialiseerde zorg voor mensen met zeldzame kankers via aangesloten organisaties.",Throughout the Journey,Rare Cancer Support,Specialized for rare,Neem contact op met de patiëntenorganisatie voor jouw zeldzame kankersoort via de lijst van NFK.,"rare cancer, specialized care",2026-05-31 14:53:16,dfed5411fef032e2863e42dbf5721c2f43343021b377eae95065f2f701b91c02,Rare Cancer Support,What support is available for rare cancers?,"NFK supports better recognition, research and specialized care for people with rare cancers through affiliated organizations.",Contact the patient organization for your rare cancer type via the NFK list.,Rare Cancer Support,3.92
All / General,https://nfk.nl/themas/transparantie,Transparency in Healthcare,What does NFK say about transparency in healthcare?,"NFK pleit voor meer transparantie over ziekenhuisresultaten, behandeluitkomsten en zorgdata zodat patiënten betere keuzes kunnen maken.",Throughout the Journey,Transparency & Information,Not treatment-specific,Gebruik informatie over ziekenhuisprestaties en uitkomsten bij het kiezen van je behandellocatie.,"transparency, hospital performance",2026-05-31 14:53:16,706713d462cb49ea3de4e7de66860d67237b3042989846facd696e28154fae5f,Transparency in Healthcare,What does NFK say about transparency in healthcare?,"NFK advocates more transparency about hospital results, treatment outcomes and care data so that patients can make better choices.",Use information about hospital performance and outcomes when choosing your treatment location.,Transparency & Information,3.92
All / General,https://nfk.nl/themas/laatste-levensfase,Final Phase of Life,What support is available in the final phase of life?,"NFK richt zich op kwaliteit van leven, palliatieve zorg en passende beslissingen in de laatste levensfase.",Palliative Phase,Palliative & End-of-Life Care,Palliative,Bespreek je wensen en voorkeuren voor palliatieve zorg tijdig met je arts en naasten.,"palliative care, end of life",2026-05-31 14:53:16,96a5c6a21668697e96b6944d9bf9a165607bb890e7974ca6a430d2c72dd3a17b,Final Phase of Life,What support is available in the final phase of life?,"NFK focuses on quality of life, palliative care and appropriate decisions in the final phase of life.",Discuss your wishes and preferences for palliative care in a timely manner with your doctor and loved ones.,Palliative & End-of-Life Care,3.92
All / General,https://nfk.nl/themas/kanker-en-verzekeren,Cancer and Insurance,What support is available regarding cancer and insurance?,"NFK houdt zich bezig met verzekeringsvraagstukken voor kankerpatiënten, waaronder het 'recht om vergeten te worden' na een bepaalde periode zonder kanker.",Throughout the Journey,Insurance & Financial,Not treatment-specific,Neem contact op met NFK als je problemen hebt met verzekeringen of het recht om vergeten te worden.,"insurance, right to be forgotten",2026-05-31 14:53:16,d7ac763f15097748747caadd1d16a6b3681f85dd368329c27bdda450f7bd3989,Cancer and Insurance,What support is available regarding cancer and insurance?,"NFK focuses on insurance issues for cancer patients, including the 'right to be forgotten' after a certain period without cancer.",Please contact NFK if you have any problems with insurance or the right to be forgotten.,Insurance & Financial,3.92
All / General,https://nfk.nl/themas/kanker-en-werk,Cancer and Work,What support is available regarding cancer and work?,"NFK biedt belangenbehartiging en informatie over werk, re-integratie en rechten voor mensen die kanker hebben (gehad).",During and After Treatment,Work & Reintegration,During and after,Vraag bij je werkgever of arbodienst naar ondersteuning en re-integratiemogelijkheden.,"work, reintegration, employment",2026-05-31 14:53:16,9895fa868dc691025c954f856403f0bcb3963c83eb399b7d2aa1a35ff700baaf,Cancer and Work,What support is available regarding cancer and work?,"NFK offers advocacy and information about work, reintegration and rights for people who have (had) cancer.",Ask your employer or occupational health and safety service about support and reintegration options.,Work & Reintegration,3.92
All / General,https://nfk.nl/english,NFK General Contact,Who do I contact at NFK for general support?,Algemeen contact voor vragen en ondersteuning bij NFK.,General / Support,Helpline & Contact,Not treatment-specific,Bel +31 88 00 29 777 of mail secretariaat@nfk.nl voor algemene vragen en begeleiding.,"contact, helpline, support",2026-05-31 14:53:16,f553250c8cf0df267481fe325d39f89eb91d4d868fe1a207a91f3420793e992c,NFK General Contact,Who do I contact at NFK for general support?,General contact for questions and support at NFK.,Call +31 88 00 29 777 or email secretariaat@nfk.nl for general questions and guidance.,Helpline & Contact,3.92
